"국가별",1990,1990,1990,1990,1990,1990,1990,1990,1990,1990,1991,1991,1991,1991,1991,1991,1991,1991,1991,1991,1992,1992,1992,1992,1992,1992,1992,1992,1992,1992,1993,1993,1993,1993,1993,1993,1993,1993,1993,1993,1994,1994,1994,1994,1994,1994,1994,1994,1994,1994,1995,1995,1995,1995,1995,1995,1995,1995,1995,1995,1996,1996,1996,1996,1996,1996,1996,1996,1996,1996,1997,1997,1997,1997,1997,1997,1997,1997,1997,1997,1998,1998,1998,1998,1998,1998,1998,1998,1998,1998,1999,1999,1999,1999,1999,1999,1999,1999,1999,1999,2000,2000,2000,2000,2000,2000,2000,2000,2000,2000,2001,2001,2001,2001,2001,2001,2001,2001,2001,2001,2002,2002,2002,2002,2002,2002,2002,2002,2002,2002,2003,2003,2003,2003,2003,2003,2003,2003,2003,2003,2004,2004,2004,2004,2004,2004,2004,2004,2004,2004,2005,2005,2005,2005,2005,2005,2005,2005,2005,2005,2006,2006,2006,2006,2006,2006,2006,2006,2006,2006,2007,2007,2007,2007,2007,2007,2007,2007,2007,2007,2008,2008,2008,2008,2008,2008,2008,2008,2008,2008,2009,2009,2009,2009,2009,2009,2009,2009,2009,2009,2010,2010,2010,2010,2010,2010,2010,2010,2010,2010,2011,2011,2011,2011,2011,2011,2011,2011,2011,2011,2012,2012,2012,2012,2012,2012,2012,2012,2012,2012,2013,2013,2013,2013,2013,2013,2013,2013,2013,2013,2014,2014,2014,2014,2014,2014,2014,2014,2014,2014,2015,2015,2015,2015,2015,2015,2015,2015,2015,2015,2016,2016,2016,2016,2016,2016,2016,2016,2016,2016,2017,2017,2017,2017,2017,2017,2017,2017,2017,2017,2018,2018,2018,2018,2018,2018,2018,2018,2018,2018,2019,2019,2019,2019,2019,2019,2019,2019,2019,2019
"국가별",국내총생산(GDP)(당해년 가격) (10억US$),1인당 GDP(당해년 가격) (달러),GDP 성장률 (%),수출 (100만달러),수입 (100만달러),총인구 (천명),실업률 (%),소비자물가지수 (2010=100),조강생산량 (1000M/T),인터넷 이용률 (%),국내총생산(GDP)(당해년 가격) (10억US$),1인당 GDP(당해년 가격) (달러),GDP 성장률 (%),수출 (100만달러),수입 (100만달러),총인구 (천명),실업률 (%),소비자물가지수 (2010=100),조강생산량 (1000M/T),인터넷 이용률 (%),국내총생산(GDP)(당해년 가격) (10억US$),1인당 GDP(당해년 가격) (달러),GDP 성장률 (%),수출 (100만달러),수입 (100만달러),총인구 (천명),실업률 (%),소비자물가지수 (2010=100),조강생산량 (1000M/T),인터넷 이용률 (%),국내총생산(GDP)(당해년 가격) (10억US$),1인당 GDP(당해년 가격) (달러),GDP 성장률 (%),수출 (100만달러),수입 (100만달러),총인구 (천명),실업률 (%),소비자물가지수 (2010=100),조강생산량 (1000M/T),인터넷 이용률 (%),국내총생산(GDP)(당해년 가격) (10억US$),1인당 GDP(당해년 가격) (달러),GDP 성장률 (%),수출 (100만달러),수입 (100만달러),총인구 (천명),실업률 (%),소비자물가지수 (2010=100),조강생산량 (1000M/T),인터넷 이용률 (%),국내총생산(GDP)(당해년 가격) (10억US$),1인당 GDP(당해년 가격) (달러),GDP 성장률 (%),수출 (100만달러),수입 (100만달러),총인구 (천명),실업률 (%),소비자물가지수 (2010=100),조강생산량 (1000M/T),인터넷 이용률 (%),국내총생산(GDP)(당해년 가격) (10억US$),1인당 GDP(당해년 가격) (달러),GDP 성장률 (%),수출 (100만달러),수입 (100만달러),총인구 (천명),실업률 (%),소비자물가지수 (2010=100),조강생산량 (1000M/T),인터넷 이용률 (%),국내총생산(GDP)(당해년 가격) (10억US$),1인당 GDP(당해년 가격) (달러),GDP 성장률 (%),수출 (100만달러),수입 (100만달러),총인구 (천명),실업률 (%),소비자물가지수 (2010=100),조강생산량 (1000M/T),인터넷 이용률 (%),국내총생산(GDP)(당해년 가격) (10억US$),1인당 GDP(당해년 가격) (달러),GDP 성장률 (%),수출 (100만달러),수입 (100만달러),총인구 (천명),실업률 (%),소비자물가지수 (2010=100),조강생산량 (1000M/T),인터넷 이용률 (%),국내총생산(GDP)(당해년 가격) (10억US$),1인당 GDP(당해년 가격) (달러),GDP 성장률 (%),수출 (100만달러),수입 (100만달러),총인구 (천명),실업률 (%),소비자물가지수 (2010=100),조강생산량 (1000M/T),인터넷 이용률 (%),국내총생산(GDP)(당해년 가격) (10억US$),1인당 GDP(당해년 가격) (달러),GDP 성장률 (%),수출 (100만달러),수입 (100만달러),총인구 (천명),실업률 (%),소비자물가지수 (2010=100),조강생산량 (1000M/T),인터넷 이용률 (%),국내총생산(GDP)(당해년 가격) (10억US$),1인당 GDP(당해년 가격) (달러),GDP 성장률 (%),수출 (100만달러),수입 (100만달러),총인구 (천명),실업률 (%),소비자물가지수 (2010=100),조강생산량 (1000M/T),인터넷 이용률 (%),국내총생산(GDP)(당해년 가격) (10억US$),1인당 GDP(당해년 가격) (달러),GDP 성장률 (%),수출 (100만달러),수입 (100만달러),총인구 (천명),실업률 (%),소비자물가지수 (2010=100),조강생산량 (1000M/T),인터넷 이용률 (%),국내총생산(GDP)(당해년 가격) (10억US$),1인당 GDP(당해년 가격) (달러),GDP 성장률 (%),수출 (100만달러),수입 (100만달러),총인구 (천명),실업률 (%),소비자물가지수 (2010=100),조강생산량 (1000M/T),인터넷 이용률 (%),국내총생산(GDP)(당해년 가격) (10억US$),1인당 GDP(당해년 가격) (달러),GDP 성장률 (%),수출 (100만달러),수입 (100만달러),총인구 (천명),실업률 (%),소비자물가지수 (2010=100),조강생산량 (1000M/T),인터넷 이용률 (%),국내총생산(GDP)(당해년 가격) (10억US$),1인당 GDP(당해년 가격) (달러),GDP 성장률 (%),수출 (100만달러),수입 (100만달러),총인구 (천명),실업률 (%),소비자물가지수 (2010=100),조강생산량 (1000M/T),인터넷 이용률 (%),국내총생산(GDP)(당해년 가격) (10억US$),1인당 GDP(당해년 가격) (달러),GDP 성장률 (%),수출 (100만달러),수입 (100만달러),총인구 (천명),실업률 (%),소비자물가지수 (2010=100),조강생산량 (1000M/T),인터넷 이용률 (%),국내총생산(GDP)(당해년 가격) (10억US$),1인당 GDP(당해년 가격) (달러),GDP 성장률 (%),수출 (100만달러),수입 (100만달러),총인구 (천명),실업률 (%),소비자물가지수 (2010=100),조강생산량 (1000M/T),인터넷 이용률 (%),국내총생산(GDP)(당해년 가격) (10억US$),1인당 GDP(당해년 가격) (달러),GDP 성장률 (%),수출 (100만달러),수입 (100만달러),총인구 (천명),실업률 (%),소비자물가지수 (2010=100),조강생산량 (1000M/T),인터넷 이용률 (%),국내총생산(GDP)(당해년 가격) (10억US$),1인당 GDP(당해년 가격) (달러),GDP 성장률 (%),수출 (100만달러),수입 (100만달러),총인구 (천명),실업률 (%),소비자물가지수 (2010=100),조강생산량 (1000M/T),인터넷 이용률 (%),국내총생산(GDP)(당해년 가격) (10억US$),1인당 GDP(당해년 가격) (달러),GDP 성장률 (%),수출 (100만달러),수입 (100만달러),총인구 (천명),실업률 (%),소비자물가지수 (2010=100),조강생산량 (1000M/T),인터넷 이용률 (%),국내총생산(GDP)(당해년 가격) (10억US$),1인당 GDP(당해년 가격) (달러),GDP 성장률 (%),수출 (100만달러),수입 (100만달러),총인구 (천명),실업률 (%),소비자물가지수 (2010=100),조강생산량 (1000M/T),인터넷 이용률 (%),국내총생산(GDP)(당해년 가격) (10억US$),1인당 GDP(당해년 가격) (달러),GDP 성장률 (%),수출 (100만달러),수입 (100만달러),총인구 (천명),실업률 (%),소비자물가지수 (2010=100),조강생산량 (1000M/T),인터넷 이용률 (%),국내총생산(GDP)(당해년 가격) (10억US$),1인당 GDP(당해년 가격) (달러),GDP 성장률 (%),수출 (100만달러),수입 (100만달러),총인구 (천명),실업률 (%),소비자물가지수 (2010=100),조강생산량 (1000M/T),인터넷 이용률 (%),국내총생산(GDP)(당해년 가격) (10억US$),1인당 GDP(당해년 가격) (달러),GDP 성장률 (%),수출 (100만달러),수입 (100만달러),총인구 (천명),실업률 (%),소비자물가지수 (2010=100),조강생산량 (1000M/T),인터넷 이용률 (%),국내총생산(GDP)(당해년 가격) (10억US$),1인당 GDP(당해년 가격) (달러),GDP 성장률 (%),수출 (100만달러),수입 (100만달러),총인구 (천명),실업률 (%),소비자물가지수 (2010=100),조강생산량 (1000M/T),인터넷 이용률 (%),국내총생산(GDP)(당해년 가격) (10억US$),1인당 GDP(당해년 가격) (달러),GDP 성장률 (%),수출 (100만달러),수입 (100만달러),총인구 (천명),실업률 (%),소비자물가지수 (2010=100),조강생산량 (1000M/T),인터넷 이용률 (%),국내총생산(GDP)(당해년 가격) (10억US$),1인당 GDP(당해년 가격) (달러),GDP 성장률 (%),수출 (100만달러),수입 (100만달러),총인구 (천명),실업률 (%),소비자물가지수 (2010=100),조강생산량 (1000M/T),인터넷 이용률 (%),국내총생산(GDP)(당해년 가격) (10억US$),1인당 GDP(당해년 가격) (달러),GDP 성장률 (%),수출 (100만달러),수입 (100만달러),총인구 (천명),실업률 (%),소비자물가지수 (2010=100),조강생산량 (1000M/T),인터넷 이용률 (%),국내총생산(GDP)(당해년 가격) (10억US$),1인당 GDP(당해년 가격) (달러),GDP 성장률 (%),수출 (100만달러),수입 (100만달러),총인구 (천명),실업률 (%),소비자물가지수 (2010=100),조강생산량 (1000M/T),인터넷 이용률 (%)
"세계",-,-,-,3446279,3562626,5327231,-,-,-,-,-,-,-,3538787,3680921,5414289,-,-,-,-,-,-,-,3769391,3901957,5498920,-,-,-,-,-,-,-,3637289,3724220,5581598,-,-,-,-,-,-,-,4140259,4232394,5663150,-,-,-,-,-,-,-,4945021,5049203,5744213,-,-,752271,-,-,-,-,5165435,5300397,5824892,-,-,750016,-,-,-,-,5528373,5645248,5905046,-,-,798945,-,-,-,-,5445017,5567808,5984794,-,-,777321,-,-,-,-,5642907,5803282,6064239,-,-,788961,-,-,-,-,6364100,6578895,6143494,-,-,848925,-,-,-,-,6138917,6375638,6222627,-,-,851073,-,-,-,-,6419087,6627146,6301773,-,-,904053,-,-,-,-,7473815,7708527,6381185,-,-,969915,-,-,-,-,9095817,9404762,6461159,-,-,1062540,-,-,-,-,10374073,10708150,6541907,-,-,1147805,-,-,-,-,11993476,12311615,6623518,-,-,1250098,-,-,-,-,13830522,14161480,6705947,-,-,1348108,-,-,-,-,16056261,16349694,6789089,-,-,1343429,-,-,-,-,12430350,12579062,6872767,-,-,1238755,-,-,-,-,14806017,15165856,6956824,-,-,1433433,-,-,-,-,17678342,18103694,7041194,-,-,1538003,-,-,-,-,17734919,18164661,7125828,-,-,1560131,-,-,-,-,18193928,18503087,7210582,-,-,1650354,-,-,-,-,18456711,18667357,7295291,-,-,1669450,-,-,-,-,16113265,16261857,7379797,-,-,1620001,-,-,-,-,15610609,15848339,7464022,-,-,1627004,-,-,-,-,17122566,17499065,7547859,-,-,1689527,-,-,-,-,-,-,7631091,-,-,-,-,-,-,-,-,-,7713468,-,-,-,-
"아시아",,,,,,,,,,,,,,,,,,,,,,,,,,,,,,,,,,,,,,,,,,,,,,,,,,,,,,,,,,,,,,,,,,,,,,,,,,,,,,,,,,,,,,,,,,,,,,,,,,,,,,,,,,,,,,,,,,,,,,,,,,,,,,,,,,,,,,,,,,,,,,,,,,,,,,,,,,,,,,,,,,,,,,,,,,,,,,,,,,,,,,,,,,,,,,,,,,,,,,,,,,,,,,,,,,,,,,,,,,,,,,,,,,,,,,,,,,,,,,,,,,,,,,,,,,,,,,,,,,,,,,,,,,,,,,,,,,,,,,,,,,,,,,,,,,,,,,,,,,,,
"한국",-,-,-,65016,69844,42869,2.4,40.6,-,-,-,-,-,71870,81525,43296,2.4,44.4,-,-,-,-,-,76632,81775,43748,2.5,47.1,-,-,-,-,-,82236,83800,44195,2.9,49.4,-,-,-,-,-,96013,102348,44642,2.5,52.5,-,-,-,-,-,125058,135119,45093,2.1,54.8,36772,-,-,-,-,129715,150339,45525,2.0,57.5,38903,-,-,-,-,136164,144616,45954,2.6,60.1,42554,-,-,-,-,132313,93282,46287,7.0,64.6,39896,-,-,-,-,143685,119752,46617,6.3,65.1,41042,-,576.4,12261,-,172268,160481,47008,4.4,66.6,43107,44.7,547.7,11563,4.9,150439,141098,47370,4.0,69.3,43852,56.6,627.2,13164,7.7,162471,152126,47645,3.3,71.2,45390,59.4,702.6,14669,3.1,193817,178827,47892,3.6,73.7,46310,65.5,793.6,16506,5.2,253845,224463,48083,3.7,76.3,47521,72.7,934.7,19399,4.3,284419,261238,48185,3.7,78.4,47820,73.5,1052.4,21727,5.3,325465,309383,48438,3.5,80.2,48455,78.1,1172.7,24088,5.8,371489,356846,48684,3.2,82.2,51517,78.8,1046.8,21340,3.0,422007,435275,49055,3.2,86.1,53625,81.0,944.3,19152,0.8,363534,323085,49308,3.6,88.5,48572,81.6,1143.9,23083,6.8,466384,425212,49554,3.7,91.1,58914,83.7,1253.4,25100,3.7,555214,524413,49937,3.4,94.7,68519,83.8,1278.0,25458,2.4,547870,519584,50200,3.2,96.8,69073,84.1,1370.6,27178,3.2,559632,515586,50429,3.1,98.0,66061,84.8,1484.0,29242,3.2,572665,525515,50747,3.5,99.3,71543,87.6,1465.3,28724,2.8,526757,436499,51015,3.6,100.0,69670,89.9,1500.0,29287,2.9,495426,406193,51218,3.7,101.0,68576,92.8,1623.3,31605,3.2,573694,478478,51362,3.7,102.9,71030,95.1,1720.9,33346,2.7,604860,535202,51607,3.8,104.5,-,95.9,-,-,-,-,-,51709,-,-,-,-
"이스라엘",58.9,12645,7.3,11576,16791,4448,12.2,32.5,-,-,67.5,13631,7.7,11921,18658,4589,13.4,38.7,-,-,75.5,14737,7.8,13119,20253,4753,14.1,43.3,-,-,75.9,14422,4.1,14779,22623,4929,12.7,48.1,-,-,86.2,15969,7.4,16884,25237,5106,9.9,54.0,-,-,100.2,18077,6.6,19046,29579,5271,8.8,59.4,220,-,109.9,19300,5.2,20610,31685,5424,8.5,66.2,265,-,114.6,19641,3.9,22591,30840,5567,9.8,72.1,270,-,115.9,19404,3.7,22734,29342,5699,10.8,76.0,280,-,117.0,19104,3.2,25794,33166,5825,11.2,79.9,280,-,132.2,21028,7.7,31404,35750,5946,11.1,80.8,280,20.9,130.7,20294,0.1,29048,33303,6061,11.8,81.7,280,17.4,121.0,18424,0.0,29347,33106,6169,12.9,86.4,280,17.8,126.8,18956,0.9,31783,34212,6278,13.5,87.0,280,19.6,135.3,19877,4.2,38618,40969,6397,13.0,86.7,280,22.8,142.4,20550,3.9,42770,44944,6529,11.3,87.8,300,25.2,154.0,21830,5.6,46789,47318,6681,10.7,89.7,300,27.9,178.7,24894,5.8,45917,56106,6847,9.4,90.1,300,48.1,216.0,29548,2.9,51321,64531,7021,7.7,94.2,300,59.4,207.5,27713,1.2,42065,46927,7190,9.5,97.4,300,63.1,233.7,30659,5.5,50879,58705,7346,8.5,100.0,300,67.5,261.7,33701,5.0,58132,72747,7487,7.1,103.5,300,68.9,257.4,32543,2.1,53972,72270,7615,6.9,105.2,300,70.8,292.9,36344,4.1,56871,71102,7735,6.2,106.9,300,70.3,310.0,37734,3.9,57667,71480,7854,5.9,107.4,300,75.0,300.5,35855,2.6,53534,61337,7978,5.3,106.7,300,77.4,319.4,37372,4.0,60401,65805,8109,4.8,106.1,300,79.7,353.3,40544,3.4,61126,69151,8244,4.2,106.4,300,81.6,369.7,41614,3.3,62159,79261,8382,4.0,107.2,-,-,-,-,-,-,-,8519,-,-,-,-
"일본",3132.8,25359,4.9,287580,235376,124505,2.1,94.5,-,-,3584.4,28925,3.4,314793,237001,124930,2.1,97.6,-,-,3908.8,31465,0.8,339895,233250,125331,2.2,99.3,-,-,4454.1,35766,-0.5,362265,241645,125707,2.5,100.6,-,-,4907.0,39269,1.0,397273,275755,126053,2.9,101.3,-,-,5449.1,43440,2.7,443116,336042,126365,3.2,101.1,101640,-,4833.7,38437,3.1,410922,349165,126644,3.4,101.3,98801,-,4414.7,35022,1.1,420956,338753,126893,3.4,103.0,104545,-,4032.5,31903,-1.1,387935,280489,127117,4.1,103.7,93548,-,4562.1,36027,-0.3,419354,311244,127326,4.7,103.4,94192,-,4887.5,38532,2.8,479296,379727,127524,4.7,102.7,106444,30.0,4303.5,33846,0.4,403241,349201,127714,5.0,101.9,102866,38.5,4115.1,32289,0.1,416726,337598,127893,5.4,101.0,107745,46.6,4445.7,34808,1.5,471816,383299,128058,5.3,100.7,110511,48.4,4815.1,37689,2.2,565673,455189,128204,4.7,100.7,112718,62.4,4755.4,37218,1.7,594860,515809,128326,4.4,100.4,112471,66.9,4530.4,35434,1.4,646737,579042,128423,4.1,100.7,116226,68.7,4515.3,35275,1.7,714211,622135,128494,3.9,100.7,120203,74.3,5037.9,39339,-1.1,782049,762590,128539,4.0,102.1,118739,75.4,5231.4,40855,-5.4,580719,551960,128555,5.1,100.7,87534,78.0,5700.1,44508,4.2,769773,694052,128542,5.1,100.0,109599,78.2,6157.5,48168,-0.1,822564,854998,128499,4.5,99.7,107601,79.1,6203.2,48603,1.5,798620,886036,128424,4.3,99.7,107232,79.5,5155.7,40454,2.0,714613,832343,128314,4.0,100.0,110595,88.2,4850.4,38109,0.4,690202,812207,128169,3.6,102.8,110666,89.1,4389.5,34524,1.2,624787,647982,127985,3.4,103.6,105134,91.1,4926.7,38794,0.6,644899,607601,127763,3.1,103.5,104775,93.2,4860.0,38332,1.9,698168,671258,127503,2.8,104.0,104661,84.6,4970.9,39287,0.8,-,-,127202,2.4,105.0,-,-,-,-,-,-,-,126860,-,-,-,-
"터키",150.7,2794,9.3,12959,22303,53922,8.0,0.1,-,-,150.0,2736,0.7,13595,21047,54841,8.2,0.1,-,-,158.5,2842,5.0,14716,22871,55749,8.5,0.2,-,-,180.2,3180,7.7,15343,29428,56654,9.0,0.3,-,-,130.7,2270,-4.7,18106,23270,57564,8.6,0.7,-,-,169.5,2898,7.9,21599,35710,58486,7.6,1.3,13183,-,181.5,3054,7.4,23245,43628,59423,6.6,2.4,13624,-,189.8,3144,7.6,26260,48560,60373,6.8,4.4,14475,-,275.8,4496,2.3,26881,45921,61330,6.9,8.1,14144,-,255.9,4108,-3.4,26587,40226,62287,7.7,13.3,14313,-,273.0,4317,6.6,27775,54503,63240,6.5,20.6,14325,3.8,200.3,3120,-6.0,31334,41399,64192,8.4,31.8,14981,5.2,238.4,3660,6.4,36059,51554,65145,10.4,46.1,16467,11.4,311.8,4718,5.6,47253,69340,66089,10.5,56.1,18298,12.3,404.8,6041,9.6,63167,97540,67011,10.8,60.9,20478,14.6,501.4,7384,9.0,73476,116774,67903,10.6,65.9,20965,15.5,552.5,8035,7.1,85535,139576,68757,8.7,72.2,23315,18.2,675.8,9712,5.0,107272,170063,69582,8.9,78.5,25754,28.6,764.3,10854,0.8,132027,201964,70419,9.7,86.7,26806,34.4,644.6,9039,-4.7,102143,140928,71321,12.6,92.1,25304,36.4,771.9,10672,8.5,114022,185531,72327,10.7,100.0,29143,39.8,832.5,11336,11.1,135288,241076,73443,8.8,106.5,34107,43.1,874.0,11707,4.8,152905,237310,74651,8.2,115.9,35885,45.1,950.6,12519,8.5,152037,251589,75925,8.7,124.6,34654,46.3,934.2,12096,5.2,157770,242022,77229,9.9,135.7,34035,51.0,859.8,10949,6.1,144041,207030,78529,10.2,146.1,31517,53.7,863.7,10821,3.2,142696,198569,79828,10.8,157.4,33163,58.3,851.5,10500,7.4,157174,233758,81116,10.8,175.0,37524,64.7,766.5,9311,2.6,168228,222444,82340,10.9,203.5,-,71.0,-,-,-,-,-,83430,-,-,-,-
"북아메리카",,,,,,,,,,,,,,,,,,,,,,,,,,,,,,,,,,,,,,,,,,,,,,,,,,,,,,,,,,,,,,,,,,,,,,,,,,,,,,,,,,,,,,,,,,,,,,,,,,,,,,,,,,,,,,,,,,,,,,,,,,,,,,,,,,,,,,,,,,,,,,,,,,,,,,,,,,,,,,,,,,,,,,,,,,,,,,,,,,,,,,,,,,,,,,,,,,,,,,,,,,,,,,,,,,,,,,,,,,,,,,,,,,,,,,,,,,,,,,,,,,,,,,,,,,,,,,,,,,,,,,,,,,,,,,,,,,,,,,,,,,,,,,,,,,,,,,,,,,,,
"캐나다",593.9,21448,0.2,127630,116736,27541,8.1,67.3,-,-,610.3,21768,-2.1,127162,118192,27889,10.3,71.1,-,-,592.4,20880,0.9,134435,122436,28224,11.2,72.1,-,-,577.2,20121,2.7,145177,131691,28548,11.4,73.5,-,-,578.1,19935,4.5,165372,-,28861,10.4,73.6,-,-,604.0,20614,2.7,191160,-,29164,9.5,75.2,14415,-,628.5,21227,1.6,202319,-,29458,9.6,76.4,14735,-,652.8,21829,4.3,215241,-,29742,9.1,77.6,15553,-,631.8,20952,3.9,214647,-,30022,8.3,78.4,15930,-,676.1,22239,5.2,239341,-,30303,7.6,79.7,16235,-,742.3,24190,5.2,278057,-,30588,6.8,81.9,16595,51.3,736.4,23738,1.8,261071,-,30880,7.2,84.0,15276,60.2,758.0,24169,3.0,252452,-,31178,7.7,85.9,16002,61.6,892.4,28201,1.8,272486,-,31488,7.6,88.2,15929,64.2,1023.2,32034,3.1,317054,-,31815,7.2,89.9,16305,66.0,1169.4,36266,3.2,370734,320129,32164,6.8,91.9,15327,71.7,1315.4,40386,2.6,398470,356714,32537,6.3,93.7,15493,72.4,1465.0,44543,2.1,430613,388490,32931,6.0,95.7,15572,73.2,1549.1,46594,1.0,460709,417928,33338,6.1,98.0,14945,76.7,1371.2,40773,-2.9,322965,329000,33746,8.3,98.3,9292,80.3,1613.5,47450,3.1,392346,401709,34148,8.1,100.0,13009,80.3,1789.1,52102,3.1,461441,461006,34539,7.5,102.9,12891,83.0,1824.0,52542,1.8,461876,475105,34922,7.3,104.5,13507,83.0,1842.0,52505,2.3,465271,473160,35297,7.1,105.5,12417,85.8,1801.5,50836,2.9,479377,475000,35664,6.9,107.5,12730,87.1,1552.9,43495,0.7,410200,429490,36027,6.9,108.7,12473,90.0,1526.7,42280,1.1,393452,412863,36383,7.0,110.2,12646,91.2,1646.9,45070,3.0,423395,442574,36732,6.3,112.0,13614,91.0,1709.3,46125,1.9,451776,468665,37075,5.8,114.5,-,-,-,-,-,-,-,37411,-,-,-,-
"멕시코",261.3,3112,5.2,40711,43548,83943,-,11.8,-,-,313.1,3662,4.2,42688,52315,85513,3.1,14.4,-,-,363.2,4171,3.5,46196,65049,87075,3.1,16.7,-,-,500.7,5650,1.9,51886,68439,88625,3.2,18.3,-,-,527.8,5854,4.9,60882,83075,90156,4.3,19.6,-,-,360.1,3928,-6.3,79542,75858,91663,6.9,26.4,12147,-,411.0,4412,6.8,96000,93376,93147,5.3,35.5,13196,-,500.4,5289,6.8,110431,114855,94611,4.1,42.8,14246,-,526.5,5481,5.2,117460,130945,96056,3.6,49.6,14218,-,600.2,6157,2.8,136391,148648,97485,2.5,57.8,15274,-,707.9,7158,4.9,166455,182657,98900,2.6,63.3,15631,5.1,756.7,7545,-0.4,158443,176311,100298,2.5,67.3,13300,7.0,772.1,7593,-0.0,160763,176607,101685,3.0,70.7,14010,11.9,729.3,7075,1.4,164766,178562,103081,3.5,73.9,15159,12.9,782.2,7484,3.9,187999,206060,104515,3.9,77.4,16737,14.1,877.5,8278,2.3,214233,232245,106005,3.6,80.5,16195,17.2,975.4,9068,4.5,249925,268093,107560,3.6,83.4,16447,19.5,1052.7,9643,2.3,271875,295201,109171,3.6,86.7,17573,20.8,1110.0,10017,1.1,291807,323151,110815,3.9,91.2,17209,21.7,900.0,8003,-5.3,229704,245401,112464,5.4,96.0,14132,26.3,1057.8,9271,5.1,298473,316556,114093,5.3,100.0,16870,31.1,1180.5,10203,3.7,349375,368385,115695,5.2,103.4,18110,37.2,1201.1,10242,3.6,370770,389289,117274,4.9,107.7,18073,39.8,1274.4,10725,1.4,380015,400271,118827,4.9,111.8,18242,43.5,1314.6,10922,2.8,396912,419976,120355,4.8,116.2,18930,44.4,1170.6,9606,3.3,380550,414994,121858,4.3,119.4,18218,57.4,1077.8,8739,2.9,373939,387064,123333,3.9,122.8,18824,59.5,1158.1,9281,2.1,409401,420369,124777,3.4,130.2,19924,63.9,1223.8,9698,2.0,450572,464277,126191,3.3,136.6,-,65.8,-,-,-,-,-,127576,-,-,-,-
"미국",5963.1,23889,1.9,393592,516987,252120,5.6,59.9,-,-,6158.1,24342,-0.1,421730,508363,254539,6.8,62.5,-,-,6520.3,25419,3.5,448164,553923,256991,7.5,64.3,-,-,6858.6,26387,2.8,464773,603438,259532,6.9,66.2,-,-,7287.2,27695,4.0,512627,689215,262241,6.1,68.0,-,-,7639.7,28691,2.7,584743,770852,265164,5.7,69.9,95191,-,8073.1,29968,3.8,625073,822025,268335,5.5,71.9,95535,-,8577.6,31459,4.4,689182,899020,271714,5.0,73.6,98485,-,9062.8,32854,4.5,682138,944353,275175,4.5,74.8,98658,-,9630.7,34514,4.8,695797,1059435,278548,4.2,76.4,97427,-,10252.3,36335,4.1,781918,1259297,281711,4.0,79.0,101803,43.1,10581.8,37133,1.0,729100,1179177,284608,4.7,81.2,90104,49.1,10936.4,38023,1.7,693103,1200227,287279,5.8,82.5,91587,58.8,11458.2,39496,2.9,724771,1303050,289816,6.0,84.4,93677,61.7,12213.7,41713,3.8,814875,1525516,292355,5.5,86.6,99681,64.8,13036.6,44115,3.5,901082,1735061,294994,5.1,89.6,94897,68.0,13814.6,46299,2.9,1025967,1918077,297759,4.6,92.4,98188,68.9,14451.9,47976,1.9,1148199,2020403,300608,4.6,95.1,98101,75.0,14712.8,48383,-0.1,1287442,2169487,303486,5.8,98.7,91895,74.0,14448.9,47100,-2.5,1056043,1605296,306308,9.3,98.4,59384,71.0,14992.1,48467,2.6,1278495,1969884,309011,9.6,100.0,80495,71.7,15542.6,49883,1.6,1482508,2266024,311584,9.0,103.2,86398,69.7,16197.0,51603,2.2,1545821,2336485,314044,8.1,105.3,88695,74.7,16784.8,53107,1.8,1578517,2328507,316401,7.4,106.8,86878,71.4,17521.7,55033,2.5,1621874,2421330,318673,6.2,108.6,88174,73.0,18219.3,56803,2.9,1503328,2315889,320878,5.3,108.7,78845,74.6,18707.2,57904,1.6,1451024,2249944,323016,4.9,110.1,78475,85.5,19485.4,59928,2.2,1546273,2408476,325085,4.4,112.4,81612,87.3,20494.1,62641,2.9,1664085,2614327,327096,3.9,115.2,-,-,-,-,-,-,-,329065,-,-,-,-
"남아메리카",,,,,,,,,,,,,,,,,,,,,,,,,,,,,,,,,,,,,,,,,,,,,,,,,,,,,,,,,,,,,,,,,,,,,,,,,,,,,,,,,,,,,,,,,,,,,,,,,,,,,,,,,,,,,,,,,,,,,,,,,,,,,,,,,,,,,,,,,,,,,,,,,,,,,,,,,,,,,,,,,,,,,,,,,,,,,,,,,,,,,,,,,,,,,,,,,,,,,,,,,,,,,,,,,,,,,,,,,,,,,,,,,,,,,,,,,,,,,,,,,,,,,,,,,,,,,,,,,,,,,,,,,,,,,,,,,,,,,,,,,,,,,,,,,,,,,,,,,,,,
"칠레",33.1,2495,3.3,8437,7869,13275,5.6,30.0,-,-,37.8,2804,7.8,8929,8064,13495,5.2,36.5,-,-,46.0,3350,11.2,9986,10129,13720,4.4,42.2,-,-,49.3,3535,6.6,9202,11125,13945,4.5,47.5,-,-,57.0,4024,5.0,11408,11825,14166,5.9,53.0,-,-,73.4,5107,8.9,16016,15914,14381,4.7,57.3,1014,-,78.0,5350,6.8,16657,19097,14587,7.4,61.5,1178,-,85.0,5745,7.4,17902,20800,14786,7.1,65.3,1167,-,81.6,5447,4.3,16353,19853,14978,7.3,68.7,1171,-,75.2,4958,-0.4,17194,15962,15163,11.2,70.9,1291,-,77.9,5075,5.3,19246,18466,15342,10.5,73.7,1352,16.6,71.0,4575,3.3,18272,17799,15516,10.4,76.3,1247,19.1,69.7,4446,3.1,18181,17147,15684,10.2,78.2,1279,22.1,75.6,4773,4.1,21651,19246,15850,9.8,80.4,1377,25.5,99.2,6195,7.2,33025,24715,16015,10.2,81.2,1579,28.2,123.0,7599,5.7,41974,32927,16183,9.3,83.7,1541,31.2,154.8,9465,6.3,59380,38987,16355,9.0,86.6,1607,34.5,173.6,10502,4.9,68561,47608,16530,8.4,90.4,1678,35.9,179.6,10751,3.5,64510,62794,16708,9.3,98.3,1549,37.3,172.4,10209,-1.6,55463,42845,16886,11.3,98.6,1308,41.6,218.5,12808,5.8,71109,59008,17063,8.4,100.0,1011,45.0,252.3,14637,6.1,81438,74851,17234,7.3,103.3,1615,52.2,267.1,15352,5.3,78063,80092,17400,6.7,106.4,1671,55.1,278.4,15843,4.0,76770,79355,17572,6.2,108.4,1323,58.0,260.5,14671,1.8,75065,72851,17759,6.7,113.5,1079,61.1,243.9,13574,2.3,62035,62497,17969,6.5,118.4,1112,76.6,250.3,13748,1.7,60733,58830,18209,6.7,122.9,1153,83.6,277.7,15037,1.3,69230,65162,18470,7.0,125.6,1158,82.3,298.2,15923,4.0,75452,75003,18729,7.2,128.6,-,-,-,-,-,-,-,18952,-,-,-,-
"유럽",,,,,,,,,,,,,,,,,,,,,,,,,,,,,,,,,,,,,,,,,,,,,,,,,,,,,,,,,,,,,,,,,,,,,,,,,,,,,,,,,,,,,,,,,,,,,,,,,,,,,,,,,,,,,,,,,,,,,,,,,,,,,,,,,,,,,,,,,,,,,,,,,,,,,,,,,,,,,,,,,,,,,,,,,,,,,,,,,,,,,,,,,,,,,,,,,,,,,,,,,,,,,,,,,,,,,,,,,,,,,,,,,,,,,,,,,,,,,,,,,,,,,,,,,,,,,,,,,,,,,,,,,,,,,,,,,,,,,,,,,,,,,,,,,,,,,,,,,,,,
"오스트리아",166.5,21681,4.3,41265,49146,7724,3.3,65.7,-,-,173.8,22411,3.4,41111,50815,7773,3.4,67.9,-,-,195.1,24880,2.1,44411,54112,7831,3.6,70.6,-,-,190.4,24082,0.5,40174,48578,7892,4.3,73.2,-,-,203.5,25647,2.4,45215,55343,7947,3.5,75.4,-,-,241.0,30326,2.7,57642,66386,7990,4.4,77.1,4990,-,237.3,29809,2.3,57818,67331,8018,5.3,78.5,4442,-,212.8,26705,2.1,58590,64776,8033,5.2,79.5,5181,-,218.3,27362,3.6,62742,68183,8041,5.5,80.3,5282,-,217.2,27174,3.6,64124,69555,8051,4.7,80.7,5202,-,196.8,24564,3.4,64155,68972,8069,4.7,82.6,5707,33.7,197.3,24538,1.3,66481,70479,8098,4.0,84.8,5869,39.2,213.4,26402,1.7,73081,72765,8134,4.9,86.3,6189,36.6,261.7,32223,0.9,89240,91578,8176,4.8,87.5,6261,42.7,300.9,36822,2.7,111686,113307,8217,5.8,89.3,6530,54.3,316.0,38403,2.2,117711,119939,8254,5.6,91.4,7031,58.0,336.0,40635,3.5,130370,130939,8285,5.2,92.7,7129,63.6,388.7,46856,3.7,157317,156760,8314,4.9,94.7,7578,69.4,430.3,51709,1.5,173395,176174,8342,4.1,97.7,7594,72.9,400.2,47963,-3.8,130791,136082,8373,5.3,98.2,5662,73.5,391.9,46858,1.8,144889,150601,8410,4.8,100.0,7206,75.2,431.1,51375,2.9,169519,182339,8454,4.6,103.3,7474,78.7,409.4,48568,0.7,158821,169657,8502,4.9,105.9,7421,80.0,430.1,50717,0.0,167078,173585,8556,5.3,108.0,7953,80.6,442.0,51717,0.7,170167,172570,8615,5.6,109.7,7876,81.0,381.8,44177,1.1,145831,148094,8679,5.7,110.7,7687,83.9,394.1,45103,2.0,145139,150123,8747,6.0,111.7,7438,84.3,416.8,47381,2.6,160294,166626,8820,5.5,114.0,8135,87.9,455.7,51513,2.7,177211,183910,8891,4.9,116.3,-,87.7,-,-,-,-,-,8955,-,-,-,-
"벨기에",206.4,20711,3.1,-,-,10007,7.3,66.4,-,-,211.6,21154,1.8,-,-,10039,7.0,68.6,-,-,236.0,23498,1.5,-,-,10078,6.7,70.2,-,-,225.9,22403,-1.0,125876,114398,10119,8.1,72.2,-,-,246.2,24338,3.2,143658,130066,10156,9.7,73.9,-,-,289.6,28566,2.4,175849,159683,10186,9.3,75.0,11606,-,281.4,27702,1.6,175356,163604,10208,9.5,76.5,10818,-,254.8,25028,3.7,171881,157260,10224,9.0,77.8,10739,-,260.6,25542,2.0,179078,164669,10237,9.3,78.5,11425,-,260.2,25444,3.6,178972,164607,10255,8.7,79.4,10931,-,237.9,23207,3.6,187838,176957,10282,6.6,81.4,11636,29.4,237.8,23122,0.8,190327,178683,10319,6.2,83.4,10762,31.3,258.9,25052,1.8,215769,198036,10365,6.9,84.8,11343,46.3,319.0,30744,0.8,255549,234902,10419,7.7,86.2,11114,50.0,370.9,35590,3.6,307696,286413,10480,7.4,88.0,11698,53.9,387.4,36967,2.1,335707,319071,10547,8.4,90.4,10420,55.8,409.8,38852,2.5,366743,352954,10619,8.3,92.0,11631,59.7,471.8,44404,3.4,431850,413074,10698,7.5,93.7,10692,64.4,518.6,48425,0.8,471932,466438,10779,7.0,97.9,10673,66.0,484.6,44881,-2.3,371397,354666,10860,7.9,97.9,5635,70.0,483.5,44380,2.7,407742,391307,10939,8.3,100.0,7973,75.0,527.0,47744,1.8,475671,466816,11014,7.1,103.5,8026,81.6,497.9,44826,0.2,446327,439526,11085,7.5,106.5,7301,80.7,520.9,46680,0.2,468630,451586,11154,8.4,107.7,7093,82.2,530.8,47355,1.3,472198,453706,11221,8.5,108.0,7331,85.0,455.9,40441,1.7,396841,375530,11288,8.5,108.6,7257,85.1,469.7,41449,1.5,398218,379377,11354,7.8,110.8,7687,86.5,494.9,43507,1.7,430496,408861,11420,7.1,113.1,7842,87.7,531.8,46556,1.4,464385,447934,11482,6.0,115.5,-,88.7,-,-,-,-,-,11539,-,-,-,-
"체코",40.5,3917,-,-,-,10341,-,-,-,-,29.7,2879,-11.6,-,-,10346,2.3,-,-,-,34.6,3352,-0.5,-,-,10353,-,38.8,-,-,40.6,3932,0.1,12807,-,10359,4.3,46.8,-,-,47.6,4602,2.9,14394,-,10361,4.3,51.5,-,-,59.8,5788,6.2,21685,-,10358,4.0,56.2,7184,-,67.0,6494,4.2,22425,-,10350,3.9,61.1,6509,-,61.8,5997,-0.6,22701,-,10338,4.3,66.3,6750,-,66.5,6459,-0.3,26418,-,10323,5.9,73.4,6498,-,64.9,6308,1.4,26241,-,10306,8.5,75.0,5616,-,61.6,6012,4.3,28996,-,10289,8.8,77.8,6216,9.8,67.5,6609,2.9,33399,-,10271,8.0,81.4,6316,14.7,81.9,8033,1.7,38488,-,10252,7.0,83.0,6512,23.9,99.6,9773,3.6,48709,-,10239,7.5,83.1,6783,34.3,119.2,11686,4.9,67194,-,10239,8.2,85.4,7033,35.5,136.3,13346,6.5,77985,76340,10258,7.9,87.0,6189,35.3,155.5,15184,6.9,95143,93430,10299,7.2,89.2,6862,47.9,189.2,18374,5.6,122760,118467,10358,5.3,91.7,7059,51.9,235.7,22699,2.7,146406,142172,10425,4.4,97.6,6387,63.0,206.2,19742,-4.8,113176,105256,10488,6.7,98.5,4594,64.4,207.5,19808,2.3,133020,126600,10537,7.3,100.0,5180,68.8,227.9,21717,1.8,162897,152122,10567,6.7,101.9,5583,70.5,207.4,19730,-0.8,157167,141515,10581,7.0,105.3,5072,73.4,209.4,19916,-0.5,162302,144320,10587,7.0,106.8,5171,74.1,207.8,19745,2.7,175017,154233,10591,6.1,107.1,5360,74.2,186.8,17716,5.3,157881,141367,10601,5.1,107.5,5262,75.7,195.1,18463,2.5,162716,143041,10619,4.0,108.2,5305,76.5,215.9,20380,4.4,182236,163374,10641,2.9,110.9,4550,78.7,244.1,22973,2.9,202626,184893,10666,2.2,113.3,-,80.7,-,-,-,-,-,10689,-,-,-,-
"덴마크",138.2,26891,1.5,37037,33248,5141,8.3,66.1,-,-,139.2,27011,1.4,37886,34057,5155,9.1,67.7,-,-,152.9,29570,2.0,41676,35521,5172,9.0,69.1,-,-,143.2,27598,0.0,38207,31331,5191,10.7,70.0,-,-,156.2,29996,5.3,43120,36589,5211,8.0,71.4,-,-,185.0,35351,3.0,51478,45728,5233,7.0,72.9,654,-,187.6,35651,2.9,51480,45004,5255,6.8,74.4,739,-,173.5,32836,3.3,49119,44406,5278,5.4,76.0,786,-,177.0,33368,2.2,48839,46330,5300,5.0,77.4,790,-,178.0,33441,2.9,50399,44519,5322,5.1,79.4,729,-,164.2,30744,3.7,50380,44356,5341,4.5,81.7,801,39.2,164.8,30752,0.8,51068,44124,5358,4.2,83.6,751,43.0,178.6,33229,0.5,56304,48886,5373,4.3,85.6,392,64.3,218.1,40459,0.4,65267,56216,5387,5.4,87.4,-,76.3,251.4,46512,2.7,75620,66886,5403,5.2,88.4,-,80.9,264.5,48800,2.3,82278,72710,5422,4.8,90.0,-,82.7,282.9,52027,3.9,90903,84161,5444,3.9,91.7,-,86.7,319.4,58487,0.9,101942,97344,5470,3.8,93.3,-,85.0,353.4,64322,-0.5,116331,109013,5498,3.4,96.5,-,85.0,321.2,58163,-4.9,92115,80107,5526,6.0,97.7,-,86.8,322.0,58041,1.9,96220,82720,5555,7.5,100.0,-,88.7,344.0,61754,1.3,112706,96004,5583,7.6,102.8,-,89.8,327.1,58508,0.2,106102,91325,5611,7.5,105.2,-,92.3,343.6,61191,0.9,110470,97257,5638,7.0,106.1,-,94.6,353.0,62549,1.6,110739,99032,5664,6.6,106.7,-,96.0,302.7,53255,2.3,94567,85211,5689,6.2,107.1,-,96.3,312.0,54467,2.4,95206,85270,5711,6.2,107.4,-,97.0,329.9,57219,2.3,101663,92363,5732,5.7,108.6,-,97.1,351.3,60596,1.4,107753,101398,5752,5.0,109.5,-,97.6,-,-,-,-,-,5772,-,-,-,-
"에스토니아",-,-,-,-,-,1565,0.6,-,-,-,-,-,-,-,-,1548,1.5,-,-,-,-,-,-,-,-,1521,3.7,-,-,-,3.9,2608,-,-,-,1488,6.5,22.1,-,-,4.0,2737,-1.6,1295,1646,1457,7.6,32.6,-,-,4.4,3044,4.5,1839,2545,1433,9.7,42.0,-,-,4.7,3353,5.3,2076,3223,1418,9.9,51.7,-,-,5.1,3620,11.8,2924,4429,1410,10.4,57.2,-,-,5.6,4052,4.1,3199,4725,1406,9.5,61.8,2,-,5.7,4119,-0.9,2408,3428,1404,11.6,63.9,1,-,5.7,4070,10.6,3167,4237,1399,13.4,66.5,-,28.6,6.2,4499,6.3,3312,4300,1392,13.1,70.3,1,31.5,7.3,5308,6.1,3444,4810,1383,10.0,72.8,1,41.5,9.8,7174,7.4,4539,6480,1373,11.3,73.8,-,45.3,12.1,8850,6.3,5934,8334,1364,10.3,76.0,-,53.2,14.0,10338,9.4,7698,10212,1356,8.0,79.1,-,61.5,17.0,12595,10.3,9705,13472,1349,5.9,82.6,-,63.5,22.2,16586,7.7,11018,15686,1344,4.6,88.1,-,66.2,24.2,18095,-5.4,12472,16059,1340,5.5,97.2,-,70.6,19.7,14726,-14.7,9065,10149,1336,13.6,97.1,-,72.5,19.5,14639,2.3,11598,12286,1332,16.7,100.0,-,74.1,23.2,17455,7.6,16724,17730,1328,12.3,105.0,-,76.5,23.0,17422,4.3,16087,18116,1323,10.0,109.1,-,78.4,25.1,19072,1.9,16316,18459,1319,8.6,112.1,-,80.0,26.6,20247,2.9,15940,18311,1316,7.4,112.0,-,84.2,22.9,17412,1.9,12836,14521,1315,6.2,111.5,-,88.4,24.0,18228,3.5,13179,14958,1317,6.8,111.6,-,87.2,26.6,20200,4.9,14539,16630,1319,5.8,115.5,-,88.1,30.3,22928,3.9,17024,19124,1323,5.4,119.4,-,89.4,-,-,-,-,-,1326,-,-,-,-
"핀란드",141.5,28381,0.7,26571,27001,4996,3.1,71.6,-,-,127.9,25503,-5.9,23080,21809,5019,6.5,74.6,-,-,112.6,22337,-3.3,23981,21208,5045,11.6,76.8,-,-,89.3,17617,-0.7,23446,18032,5072,16.2,78.5,-,-,103.3,20306,3.9,29658,23214,5097,16.4,79.4,-,-,134.2,26273,4.2,39573,28114,5119,17.0,80.0,3176,-,132.1,25778,3.7,38435,29264,5137,15.6,80.5,3301,-,126.8,24676,6.3,39316,29784,5152,15.0,81.4,3734,-,133.9,25989,5.4,42104,31364,5164,13.2,82.6,3952,-,135.2,26179,4.4,41841,31616,5176,11.7,83.5,3956,-,125.5,24253,5.6,45473,33893,5188,11.1,86.1,4096,37.2,129.3,24913,2.6,42823,32150,5200,10.3,88.3,3938,43.1,139.6,26834,1.7,44650,33627,5213,10.4,89.7,4003,62.4,171.1,32816,2.0,52504,41592,5227,10.5,90.5,4766,69.2,196.8,37636,3.9,60898,50661,5242,10.4,90.6,4832,72.4,204.4,38969,2.8,65232,58469,5259,8.4,91.2,4739,74.5,216.6,41121,4.1,77284,69445,5277,7.7,92.6,5054,79.7,255.4,48289,5.2,90092,81756,5298,6.9,95.0,4431,80.8,283.7,53401,0.7,96890,92161,5319,6.4,98.8,4417,83.7,251.5,47107,-8.3,62872,60866,5342,8.3,98.8,3066,82.5,247.8,46202,3.0,69492,68773,5366,8.4,100.0,4029,86.9,273.7,50791,2.6,79126,84235,5390,7.8,103.4,3989,88.7,256.7,47416,-1.4,73114,76558,5415,7.7,106.3,3759,89.9,270.0,49638,-0.8,74446,77590,5439,8.2,107.9,3517,91.5,272.6,49915,-0.6,74335,76767,5461,8.7,109.0,3807,86.5,232.9,42495,0.5,59740,60437,5481,9.4,108.8,3988,86.4,239.0,43493,2.8,57419,60849,5498,8.8,109.2,4101,87.7,252.3,45805,2.7,67285,70107,5511,8.6,110.0,4003,87.5,275.7,49960,2.3,-,-,5523,7.4,111.2,-,88.9,-,-,-,-,-,5532,-,-,-,-
"프랑스",1269.2,21794,2.9,216588,234436,56667,9.4,71.2,-,-,1269.3,21675,1.0,217100,231784,56914,9.1,73.5,-,-,1401.5,23814,1.6,235871,239638,57147,10.2,75.2,-,-,1322.8,22380,-0.6,209349,201838,57370,11.3,76.8,-,-,1394.0,23497,2.4,235905,230188,57587,12.6,78.1,-,-,1601.1,26890,2.1,286738,275275,57802,11.8,79.5,18100,-,1605.7,26872,1.4,287667,277673,58012,12.4,81.0,17633,-,1452.9,24229,2.3,289736,269642,58221,12.6,82.0,19767,-,1503.1,24974,3.6,305641,288389,58444,12.1,82.6,20126,-,1492.6,24673,3.4,299655,294177,58704,12.0,83.0,20200,-,1362.2,22364,3.9,298705,310768,59015,10.2,84.4,20954,14.3,1376.5,22434,2.0,297797,306217,59384,8.6,85.8,19343,26.3,1494.3,24177,1.1,310987,315829,59803,8.7,87.4,20258,30.2,1840.5,29568,0.8,367201,376189,60252,8.3,89.3,19758,36.1,2115.7,33741,2.8,422246,447494,60698,8.9,91.2,20770,39.2,2196.1,34760,1.7,443578,490566,61120,8.5,92.8,19481,42.9,2318.6,36444,2.4,490681,546482,61509,8.5,94.3,19852,46.9,2657.2,41508,2.4,550458,631447,61869,7.7,95.7,19250,66.1,2918.4,45334,0.3,608943,715783,62209,7.1,98.4,17879,70.7,2690.2,41575,-2.9,476098,560484,62543,8.7,98.5,12840,71.6,2642.6,40638,1.9,523687,610961,62880,8.9,100.0,15414,77.3,2861.4,43791,2.2,596168,719731,63222,8.8,102.1,15780,77.8,2683.8,40875,0.3,569150,675002,63564,9.4,104.1,15609,81.4,2811.1,42593,0.6,580468,682444,63894,9.9,105.0,15685,81.9,2852.2,43009,1.0,580850,678789,64194,10.3,105.5,16143,83.8,2438.2,36613,1.1,506102,573133,64453,10.4,105.6,14984,78.0,2471.3,36962,1.1,501434,571929,64668,10.1,105.8,14413,79.3,2586.3,38679,2.3,534977,623932,64843,9.4,106.9,15505,80.5,2777.5,41464,1.7,-,-,64991,9.1,108.8,-,82.0,-,-,-,-,-,65130,-,-,-,-
"독일",1765.0,22220,5.3,410104,346153,79054,4.9,67.5,-,-,1861.9,23269,5.1,402843,389908,79491,5.3,70.2,-,-,2123.1,26334,1.9,422271,402441,79963,6.3,73.8,-,-,2068.6,25489,-1.0,382472,346027,80429,7.7,77.1,-,-,2206.0,27088,2.5,429722,385351,80833,8.7,79.1,-,-,2591.6,31730,1.7,523802,464271,81139,8.2,80.5,42051,-,2503.7,30564,0.8,524198,458783,81324,8.8,81.6,39793,-,2218.7,27046,1.8,512427,445616,81399,9.9,83.2,45007,-,2243.2,27341,2.0,543397,471418,81403,9.8,84.0,44046,-,2200.0,26796,2.0,542871,473539,81390,8.9,84.5,42062,-,1950.0,23719,3.0,550113,495350,81401,7.9,85.7,46376,30.2,1950.6,23687,1.7,571358,485967,81454,7.8,87.4,44803,31.7,2079.1,25205,0.0,615438,490022,81535,8.5,88.6,45015,48.8,2505.7,30360,-0.7,751684,604626,81614,9.8,89.6,44809,55.9,2819.2,34166,1.2,909237,715679,81646,10.7,91.0,46374,64.7,2861.4,34697,0.7,977881,780444,81603,11.2,92.5,44524,68.7,3002.4,36448,3.7,1122066,922343,81472,10.3,93.9,47224,72.2,3440.0,41815,3.3,1323818,1055997,81278,8.7,96.1,48550,75.2,3752.4,45699,1.1,1451391,1186682,81066,7.5,98.6,45833,78.0,3418.0,41733,-5.6,1120666,926154,80900,7.7,98.9,32670,79.0,3417.1,41786,4.1,1258499,1054278,80827,7.0,100.0,43830,82.0,3757.7,46810,3.7,1473708,1254728,80856,5.8,102.1,44284,81.3,3544.0,44065,0.5,1401636,1155526,80973,5.4,104.1,42661,82.3,3752.5,46531,0.5,1444933,1181132,81174,5.2,105.7,42645,84.2,3898.7,48143,2.2,1494233,1207208,81450,5.0,106.7,42943,86.2,3381.4,41395,1.7,1326206,1051132,81787,4.6,107.2,42676,87.6,3495.2,42443,2.2,1334355,1055326,82194,4.1,107.7,42080,84.2,3693.2,44681,2.2,1447992,1162751,82658,3.8,109.4,43400,84.4,3996.8,48196,1.4,1560983,1285442,83124,3.4,111.2,-,89.7,-,-,-,-,-,83517,-,-,-,-
"그리스",97.9,9600,0.0,-,-,10226,7.0,29.8,-,-,105.1,10188,3.1,-,-,10315,7.7,35.6,-,-,116.2,11176,0.7,-,-,10420,7.8,41.3,-,-,108.8,10402,-1.6,-,-,10534,8.6,47.2,-,-,116.6,11091,2.0,-,-,10645,8.9,52.3,-,-,136.9,12959,2.1,-,-,10746,9.1,57.0,939,-,145.9,13749,2.9,-,-,10832,9.7,61.7,848,-,143.2,13428,4.5,-,-,10906,9.6,65.1,1016,-,144.4,13472,3.9,-,-,10970,10.8,68.2,1109,-,142.5,13245,3.1,10013,26762,11028,11.9,70.0,951,-,130.1,12043,3.9,10822,27997,11082,11.3,72.2,1088,9.1,136.2,12538,4.1,10265,28292,11134,10.5,74.6,1281,10.9,153.8,14110,3.9,10301,31116,11182,10.0,77.3,1835,14.7,201.9,18478,5.8,13449,44105,11219,9.4,80.1,1701,17.8,240.5,21955,5.1,16596,56059,11235,10.3,82.4,1967,21.4,247.8,22552,0.6,18476,57749,11225,10.0,85.3,2266,24.0,273.3,24801,5.7,21491,67208,11185,9.0,88.0,2416,32.3,318.5,28827,3.3,26439,84664,11120,8.4,90.6,2554,35.9,354.5,31997,-0.3,31229,95004,11040,7.8,94.4,2477,38.2,330.0,29711,-4.3,24552,72372,10959,9.6,95.5,2000,42.4,299.4,26918,-5.5,27999,67453,10888,12.7,100.0,1821,44.4,287.8,25916,-9.1,33783,67633,10829,17.9,103.3,1934,51.6,245.7,22243,-7.3,35449,63361,10781,24.4,104.9,1247,55.1,239.9,21875,-3.2,36614,62228,10741,27.5,103.9,1030,59.9,237.0,21761,0.7,36107,63463,10701,26.5,102.6,1022,63.2,196.6,18168,-0.4,28715,48324,10660,24.9,100.8,910,66.8,195.2,18116,-0.2,28052,48205,10615,23.5,99.9,1158,69.1,203.1,18883,1.5,32501,56656,10569,21.5,101.1,1359,70.5,218.0,20324,1.9,39500,65119,10522,19.3,101.7,-,73.0,-,-,-,-,-,10473,-,-,-,-
"헝가리",-,-,-,9598,8671,10377,1.7,9.2,-,-,34.7,3350,-,10199,11417,10363,8.5,12.4,-,-,38.7,3735,-3.1,10664,11107,10359,9.9,15.4,-,-,40.1,3873,-0.6,8886,12468,10359,12.1,18.8,-,-,43.2,4173,2.9,10435,14267,10358,10.9,22.4,-,-,46.4,4494,1.5,12802,15377,10349,10.2,28.7,1861,-,46.7,4525,0.0,15630,18058,10332,10.0,35.5,1872,-,47.3,4596,3.3,18990,21115,10308,9.0,42.0,1690,-,48.8,4750,4.2,22991,25678,10280,8.9,47.9,1816,-,49.2,4803,3.2,24950,27923,10249,6.9,52.7,1813,-,47.3,4633,4.2,28016,31955,10221,6.6,57.9,1871,7.0,53.8,5283,3.8,30530,33724,10193,5.7,63.2,1956,14.5,67.7,6666,4.5,34512,37788,10167,5.6,66.5,2053,16.7,85.3,8423,3.8,42532,47602,10141,5.8,69.6,1989,21.6,104.1,10296,5.0,54892,59636,10114,5.8,74.3,1952,27.7,113.0,11206,4.4,62179,65783,10086,7.2,76.9,1958,39.0,115.3,11448,3.9,74216,77206,10056,7.5,79.9,2084,47.1,139.9,13908,0.4,93985,94397,10024,7.4,86.3,2227,53.3,158.0,15740,0.9,107465,106380,9992,7.8,91.5,2097,61.0,130.6,13030,-6.6,84585,78034,9959,10.0,95.4,1403,62.0,130.9,13092,0.7,94759,87612,9927,11.2,100.0,1678,65.0,140.8,14118,1.7,110897,100989,9896,11.0,103.9,1746,68.0,127.9,12888,-1.6,103047,94282,9864,11.0,109.8,1542,70.6,135.2,13668,2.1,108426,99091,9834,10.2,111.7,883,72.6,140.1,14198,4.2,112437,103941,9805,7.7,111.5,1152,75.7,123.1,12504,3.5,100293,90746,9778,6.8,111.4,1675,72.8,126.0,12840,2.3,102979,91400,9753,5.1,111.8,1274,79.3,139.8,14279,4.1,113675,103782,9730,4.2,114.5,1901,76.8,155.7,15939,4.9,123850,115971,9707,3.7,117.7,-,76.1,-,-,-,-,-,9685,-,-,-,-
"아이슬란드",6.5,25423,1.2,1592,1680,255,-,40.0,-,-,6.9,26843,-0.2,1550,1760,258,2.6,42.7,-,-,7.1,27165,-3.4,1528,1684,260,4.3,44.4,-,-,6.2,23615,1.3,1399,1349,263,5.3,46.2,-,-,6.4,24055,3.6,1623,1472,265,5.3,46.9,-,-,7.1,26674,0.1,1804,1759,268,5.2,47.6,-,-,7.4,27660,4.6,1890,2044,270,3.6,48.7,-,-,7.6,27961,3.6,1852,2020,273,3.7,49.6,-,-,8.5,30995,7.1,1927,2482,275,3.1,50.4,-,-,9.0,32344,4.0,2002,2517,278,2.2,52.1,-,-,9.0,32018,4.9,1902,2583,280,1.9,54.7,-,44.5,8.2,28794,3.9,2020,2279,283,1.9,58.2,-,49.4,9.3,32327,0.7,2230,2274,285,3.0,61.3,-,79.1,11.4,39424,2.3,2380,2828,288,4.0,62.5,-,83.1,13.8,47367,8.0,2890,3715,291,4.0,64.5,-,83.9,16.8,56659,6.3,3086,4978,295,2.6,67.1,-,87.0,17.2,56674,5.2,3452,6137,300,2.8,71.6,-,89.5,21.5,69054,9.4,4783,6738,305,2.3,75.2,-,90.6,17.9,56410,2.0,5382,6205,311,3.0,84.7,-,91.0,13.2,41333,-6.8,4057,3604,316,7.2,94.9,-,93.0,13.7,43025,-3.4,4604,3920,320,7.6,100.0,-,93.4,15.2,47517,1.9,5348,4841,323,7.0,104.0,-,94.8,14.7,45910,1.3,5064,4772,326,6.0,109.4,-,96.2,16.0,49522,4.1,4998,5020,327,5.4,113.6,-,96.5,17.8,54242,2.1,5053,5375,329,4.9,116.0,-,98.2,17.3,52429,4.5,4741,5309,330,4.0,117.8,-,98.2,20.7,61758,7.4,4457,5698,332,3.0,119.8,-,98.2,24.5,71315,4.6,4864,6970,334,2.7,122.0,-,98.3,25.9,73191,4.6,5562,7655,337,2.7,125.2,-,99.0,-,-,-,-,-,339,-,-,-,-
"아일랜드",49.4,14048,8.5,23743,20669,3511,14.1,61.0,-,-,49.8,14104,1.9,24224,20771,3518,15.8,62.9,-,-,56.0,15733,3.3,28331,22477,3530,15.0,64.8,-,-,52.5,14675,2.7,28611,21386,3547,15.6,65.8,-,-,57.2,15922,5.8,34370,25508,3568,14.6,67.3,-,-,69.2,19181,9.6,44250,32638,3592,12.0,69.0,-,-,75.9,20861,7.7,48671,35871,3620,11.7,70.2,-,-,82.8,22543,10.9,53340,39349,3651,10.2,71.3,-,-,90.1,24263,8.7,64230,44634,3688,7.7,73.0,358,-,98.7,26284,10.5,71219,47195,3731,5.8,74.2,335,-,99.9,26241,9.5,77023,50882,3783,4.3,78.4,360,17.9,109.1,28228,5.3,82790,50584,3842,3.7,82.2,150,23.1,127.9,32541,5.9,87840,52034,3908,4.2,86.0,-,25.9,164.3,41107,3.0,92808,53853,3980,4.5,89.0,-,34.3,193.9,47631,6.6,104714,61830,4058,4.5,90.9,-,37.0,211.6,50878,5.7,109682,68574,4141,4.3,93.1,-,41.6,232.1,54306,5.0,108765,73139,4231,4.4,96.8,-,54.8,269.9,61360,5.3,121501,83906,4325,5.0,101.5,-,61.2,275.0,61262,-4.4,125722,84183,4416,6.8,105.7,-,65.3,236.3,52105,-5.0,115533,62471,4495,12.6,100.9,-,67.4,222.1,48712,1.9,117575,63258,4554,14.5,100.0,-,69.9,237.9,51944,3.7,127448,72998,4591,15.4,102.6,-,74.9,225.1,48946,0.2,118660,70409,4608,15.5,104.3,-,76.9,238.9,51665,1.3,116732,73446,4615,13.7,104.8,-,78.2,259.1,55628,8.8,121059,82017,4627,11.9,105.0,-,83.5,291.1,61909,25.1,123361,76977,4652,9.9,104.7,-,83.5,302.2,63559,5.0,130864,81068,4696,8.4,104.7,-,85.0,331.4,68942,7.2,137200,88665,4753,6.7,105.1,-,84.1,375.9,77450,6.7,-,-,4819,5.7,105.6,-,84.5,-,-,-,-,-,4882,-,-,-,-
"이탈리아",1177.3,20757,2.0,170486,181968,57048,9.8,55.8,-,-,1242.1,21884,1.5,169473,182682,57088,10.1,59.3,-,-,1315.8,23167,0.8,178156,188519,57145,9.3,62.5,-,-,1061.4,18677,-0.9,169153,148273,57198,10.2,65.3,-,-,1095.6,19274,2.2,191421,169172,57214,11.1,68.0,-,-,1170.8,20596,2.9,233998,206040,57174,11.7,71.6,27766,-,1308.9,23020,1.3,252039,208092,57065,11.9,74.4,23910,-,1239.1,21780,1.8,240404,210268,56904,12.0,75.9,25842,-,1266.3,22252,1.6,245700,218445,56743,12.1,77.4,25714,-,1248.6,21937,1.6,235070,220194,56656,11.7,78.7,24878,-,1141.8,20051,3.7,239854,237973,56692,10.8,80.7,26759,23.1,1162.3,20401,1.8,244198,236075,56875,9.6,83.0,26545,27.2,1266.5,22197,0.2,254236,246688,57183,9.2,85.0,26066,28.0,1569.6,27387,0.2,299805,297845,57565,8.9,87.3,27058,29.0,1798.3,31175,1.6,353436,355161,57948,7.9,89.2,28604,33.2,1852.7,31959,0.9,372928,384802,58281,7.7,91.0,29350,35.0,1942.6,33411,2.0,417202,442580,58543,6.8,92.9,31624,38.0,2203.1,37699,1.5,500239,511870,58748,6.1,94.6,31553,40.8,2390.7,40640,-1.1,544963,563437,58922,6.7,97.7,30590,44.5,2185.2,36977,-5.5,406685,414726,59106,7.8,98.5,19848,48.8,2125.1,35849,1.7,446935,486968,59325,8.4,100.0,25750,53.7,2276.3,38335,0.6,523283,558813,59589,8.4,102.8,28735,54.4,2072.8,34814,-2.8,501534,489095,59879,10.7,105.9,27252,55.8,2130.5,35370,-1.7,518114,479346,60167,12.2,107.2,24093,58.5,2151.7,35397,0.1,529803,474400,60410,12.7,107.5,23714,55.6,1832.3,30171,0.9,456989,410919,60578,11.9,107.5,22018,58.1,1869.2,30831,1.1,462907,408837,60663,11.7,107.4,23373,61.3,1946.6,32155,1.7,510494,456742,60674,11.2,108.7,24068,63.1,2073.9,34318,0.9,-,-,60627,10.6,110.0,-,74.4,-,-,-,-,-,60550,-,-,-,-
"라트비아",-,-,-,-,-,2664,-,-,-,-,-,-,-,-,-,2649,-,-,-,-,-,-,-,546,-,2620,-,11.9,-,-,-,-,-,963,-,2583,-,24.8,-,-,-,-,-,962,-,2544,-,33.8,-,-,5.8,2329,-1.8,1283,1810,2508,-,42.2,279,-,6.0,2430,2.4,1424,2311,2479,20.9,49.6,293,-,6.5,2682,9.0,1664,2718,2453,14.9,53.8,-,-,7.2,2977,6.5,1801,3189,2431,14.5,56.3,472,-,7.5,3151,2.6,1723,2945,2408,13.8,57.6,482,-,7.9,3353,5.4,1865,3184,2384,14.2,59.2,498,6.3,8.4,3573,6.5,2001,3504,2359,13.8,60.6,515,7.2,9.5,4132,7.1,2284,4053,2333,13.8,61.8,520,21.9,11.7,5135,8.4,2893,5242,2306,12.1,63.6,520,27.0,14.4,6351,8.3,3951,6999,2279,11.7,67.6,662,38.6,16.9,7559,10.7,5108,8592,2252,10.0,72.1,688,46.0,21.4,9668,11.9,5893,11430,2225,7.0,76.9,690,53.6,30.9,14044,10.0,7892,15182,2198,6.1,84.6,696,59.2,35.6,16349,-3.5,9278,15775,2171,7.7,97.6,635,63.4,26.2,12219,-14.4,7174,9346,2145,17.5,101.1,692,66.8,23.8,11326,-3.9,8850,11143,2119,19.5,100.0,655,68.4,28.2,13703,6.4,11995,15442,2094,16.2,104.4,568,69.7,28.1,13823,4.0,12679,16077,2069,15.1,106.7,805,73.1,30.3,15032,2.4,13318,16781,2045,11.9,106.7,198,75.2,31.3,15716,1.9,13599,16816,2021,10.9,107.4,-,75.8,27.0,13640,3.0,11488,13787,1998,9.9,107.5,-,79.2,27.7,14134,2.1,11430,13574,1974,9.6,107.7,-,79.8,30.5,15685,4.6,13001,15903,1951,8.7,110.9,-,80.1,34.8,18089,4.8,14835,18517,1928,7.4,113.7,-,83.6,-,-,-,-,-,1907,-,-,-,-
"리투아니아",-,-,-,-,-,3696,-,-,-,-,-,-,-,-,-,3697,-,-,-,-,-,-,-,-,-,3688,-,-,-,-,-,-,-,-,-,3671,-,21.3,-,-,-,-,-,2029,2353,3649,17.3,36.7,-,-,7.9,2169,-,2705,3649,3627,17.5,51.3,-,-,8.4,2328,5.1,3335,4468,3604,16.4,63.9,-,-,10.1,2831,8.3,3860,5644,3580,14.1,69.6,-,-,11.2,3167,7.5,3688,5765,3555,13.7,73.1,-,-,11.0,3114,-1.1,3036,4874,3529,13.4,73.7,-,-,11.5,3297,3.8,3548,5219,3502,15.9,74.4,-,6.4,12.3,3530,6.5,4279,6060,3474,16.8,75.4,-,7.2,14.3,4147,6.8,5232,7526,3445,13.0,75.6,-,17.7,18.8,5506,10.5,6970,9668,3414,12.9,74.8,-,25.9,22.6,6707,6.6,9307,12385,3381,10.7,75.6,-,31.2,26.1,7863,7.7,11782,15511,3344,8.3,77.7,-,36.2,30.2,9241,7.4,14153,19413,3303,5.8,80.6,-,43.9,39.7,12298,11.1,17163,24445,3259,4.3,85.2,-,49.9,47.9,14962,2.6,23770,31294,3213,5.8,94.5,-,55.2,37.4,11837,-14.8,16496,18341,3167,13.8,98.7,-,59.8,37.1,11985,1.6,20726,23385,3124,17.8,100.0,-,62.1,43.5,14358,6.0,28077,31810,3083,15.4,104.1,-,63.6,42.8,14341,3.8,29625,31988,3046,13.4,107.3,-,67.2,46.4,15694,3.5,32604,34814,3009,11.8,108.5,-,68.5,48.5,16545,3.5,32396,35088,2971,10.7,108.6,-,72.1,41.5,14292,2.0,25392,28154,2932,9.1,107.6,-,71.4,43.0,14983,2.4,25010,27333,2890,7.9,108.6,-,74.4,47.5,16810,4.1,29919,32537,2845,7.1,112.6,-,77.6,53.3,19090,3.5,-,-,2801,6.2,115.7,-,79.7,-,-,-,-,-,2760,-,-,-,-
"룩셈부르크",13.2,34645,5.3,6305,7596,382,1.6,64.7,-,-,14.3,37007,8.6,6271,8044,386,1.5,66.7,-,-,16.1,40966,1.8,6469,8221,391,2.0,68.8,-,-,16.5,41479,4.2,5892,7687,397,2.3,71.3,-,-,18.3,45482,3.8,6548,8417,402,3.5,72.8,-,-,21.6,52831,1.4,7815,9938,408,2.9,74.2,2613,-,21.8,52572,1.4,7210,9515,414,3.3,75.1,2502,-,19.7,47042,5.7,6971,9323,420,2.5,76.1,2580,-,20.2,47584,6.0,7919,10165,426,2.8,76.8,2477,-,22.2,51654,8.5,7767,10959,431,2.4,77.6,2600,-,21.3,48736,8.2,7831,10705,436,2.4,80.1,2571,22.9,21.3,48179,2.5,8200,11253,440,1.8,82.2,2725,36.2,23.6,52931,3.8,8495,11597,444,2.6,83.9,2719,39.8,29.6,65446,1.6,9979,13691,447,3.7,85.6,2675,54.6,34.7,75716,3.6,12164,17005,452,5.1,87.5,2684,65.9,37.3,80290,3.2,19079,22518,458,4.5,89.7,2194,70.0,42.4,89740,5.2,22984,27113,466,4.7,92.1,2802,72.5,50.9,106018,8.4,22948,28047,475,4.1,94.2,2858,78.9,55.8,114294,-1.3,25705,32190,485,5.1,97.4,2582,82.2,51.4,103199,-4.4,21314,25273,497,5.1,97.8,2141,87.3,53.2,104965,4.9,18832,24795,508,4.4,100.0,2548,90.6,60.0,115762,2.5,20844,28849,519,4.9,103.4,2521,90.0,56.7,106749,-0.4,18877,27325,531,5.1,106.2,2208,91.9,61.7,113625,3.7,18442,26672,543,5.9,108.0,2090,93.8,66.1,118824,4.3,19107,26660,555,5.9,108.7,2193,94.7,57.2,100428,3.9,17145,23289,567,6.7,109.2,2127,96.4,59.0,101306,2.4,15815,21774,579,6.3,109.5,2175,98.1,62.3,104499,1.5,15744,22844,592,5.5,111.4,2172,97.4,69.5,114340,2.6,16203,24056,604,5.6,113.1,-,97.1,-,-,-,-,-,616,-,-,-,-
"네덜란드",318.3,21291,4.2,131775,126098,14965,7.7,64.4,-,-,327.5,21732,2.4,133631,125873,15065,7.3,66.5,-,-,363.0,23904,1.7,140335,134650,15166,5.6,68.6,-,-,353.6,23122,1.3,139127,124739,15268,6.3,70.4,-,-,379.1,24646,3.0,155554,139795,15369,7.2,72.3,-,-,452.3,29258,3.1,196276,176874,15468,7.2,73.7,6409,-,450.5,29007,3.5,197417,180639,15563,6.4,75.3,6326,-,416.8,26701,4.3,194905,178130,15655,5.5,76.9,6641,-,438.0,27886,4.7,201374,187747,15746,4.4,78.4,6377,-,446.9,28263,5.0,200778,190279,15836,3.6,80.1,6075,-,416.4,26149,4.2,213382,198886,15926,2.7,81.9,5666,44.0,431.2,26873,2.3,216141,195533,16018,2.1,85.4,6037,49.4,471.6,29204,0.2,219758,194044,16110,2.6,88.2,6117,61.3,578.8,35672,0.2,264798,233969,16201,3.6,90.0,6571,64.4,657.2,40362,2.0,317966,283929,16287,4.7,91.1,6848,68.5,685.1,41979,2.1,349812,310571,16367,5.9,92.7,6919,81.0,733.3,44863,3.5,400648,358495,16440,5.0,93.7,6372,83.7,847.5,51733,3.8,472660,421092,16507,4.2,95.2,7368,85.8,948.0,57644,2.2,545897,495057,16568,3.7,97.6,6853,87.4,868.1,52514,-3.7,431695,382278,16626,4.4,98.7,5194,89.6,846.6,50950,1.3,574375,512750,16683,5.0,100.0,6651,90.7,904.1,54159,1.6,666765,594183,16738,5.0,102.3,6937,91.4,839.0,50073,-1.0,655922,587284,16792,5.8,104.9,6879,92.9,876.9,52184,-0.1,671585,589765,16844,7.2,107.5,6713,94.0,891.0,52830,1.4,672419,589577,16893,7.4,108.5,6964,91.7,765.3,45175,2.0,570442,512105,16938,6.9,109.2,6995,91.7,783.5,46008,2.2,570606,500797,16981,6.0,109.5,6917,90.4,830.6,48483,2.9,651975,574563,17021,4.8,111.0,6781,93.2,912.9,52978,2.7,721236,643793,17060,3.8,112.9,-,94.7,-,-,-,-,-,17097,-,-,-,-
"노르웨이",119.8,28243,1.9,34047,27231,4247,5.3,65.0,-,-,121.9,28597,3.1,34107,25572,4269,5.4,67.2,-,-,130.8,30524,3.6,35145,26072,4293,5.9,68.8,-,-,120.6,27964,2.8,31978,24081,4317,6.0,70.4,-,-,127.1,29316,5.1,34785,27432,4342,5.4,71.4,-,-,152.0,34875,4.2,41992,32968,4367,6.3,73.1,-,-,163.5,37321,5.0,49645,35615,4393,5.0,74.0,-,-,161.4,36629,5.3,48542,35709,4420,4.7,75.9,585,-,154.2,34789,2.6,40399,37473,4447,3.7,77.6,637,-,162.3,36371,2.0,45455,34166,4474,3.3,79.5,610,-,171.3,38147,3.2,60058,34391,4499,3.5,81.9,679,52.0,174.0,38550,2.1,59216,32953,4523,3.7,84.4,640,64.0,195.4,43061,1.4,59663,34873,4546,4.0,85.5,698,72.8,228.8,50112,0.9,68321,40055,4570,4.2,87.6,703,78.1,264.4,57570,4.0,82527,48534,4598,4.3,88.0,725,77.7,308.7,66775,2.6,103751,55481,4632,4.4,89.3,705,82.0,345.4,74115,2.4,122122,64278,4673,3.4,91.4,684,82.6,401.1,85171,3.0,136371,80378,4719,2.5,92.1,708,86.9,462.6,97008,0.5,171764,90293,4771,2.6,95.5,560,90.6,386.6,80067,-1.7,116778,68970,4827,3.1,97.6,595,92.1,429.1,87770,0.7,130669,77326,4886,3.5,100.0,530,93.4,498.8,100711,1.0,160305,90787,4948,3.2,101.3,610,93.5,510.2,101668,2.7,160953,87308,5014,3.1,102.0,700,94.6,523.5,103059,1.0,156022,89808,5079,3.4,104.2,605,95.1,499.3,97200,2.0,144677,89460,5142,3.5,106.3,600,96.3,386.7,74522,2.0,103809,76388,5200,4.3,108.6,590,96.8,371.3,70942,1.2,89485,72671,5251,4.7,112.4,620,97.3,399.5,75704,2.0,101981,82757,5296,4.2,114.6,603,96.4,434.8,81807,1.4,-,-,5338,3.8,117.7,-,96.5,-,-,-,-,-,5379,-,-,-,-
"폴란드",66.0,1731,-,13626,8413,37960,-,7.0,-,-,85.5,2236,-7.0,14780,15683,38083,-,12.3,-,-,94.3,2459,2.5,13173,15935,38198,13.3,18.0,-,-,96.0,2497,3.7,14132,18726,38301,14.0,24.7,-,-,110.8,2875,5.3,17213,21496,38389,14.4,32.9,-,-,142.1,3683,7.0,22890,29064,38459,13.3,42.0,11890,-,159.9,4141,6.1,24389,37045,38510,12.4,50.4,10432,-,159.1,4117,6.5,25708,42237,38545,11.0,57.9,11585,-,174.4,4510,4.6,28407,46947,38564,9.9,64.6,9915,-,169.7,4390,4.6,27335,45787,38568,12.3,69.2,8848,-,171.9,4493,4.6,31684,48970,38557,16.3,76.0,10498,7.3,190.5,4981,1.2,36159,50378,38530,18.4,80.2,8809,9.9,198.7,5197,2.0,41032,55141,38489,19.9,81.7,8368,21.2,217.5,5693,3.6,53699,68153,38442,19.4,82.2,9107,24.9,255.1,6681,5.1,74828,89362,38400,19.1,85.0,10593,32.5,306.1,8021,3.5,89245,101399,38369,17.8,86.9,8336,38.8,344.7,9039,6.2,110941,127260,38354,13.8,88.0,10008,44.6,429.1,11255,7.0,140338,166047,38353,9.6,90.2,10632,48.6,533.8,14001,4.2,170998,209330,38357,7.1,93.9,9728,53.1,439.8,11528,2.8,136786,149723,38352,8.2,97.5,7128,59.0,479.3,12600,3.6,159829,178149,38330,9.6,100.0,7993,62.3,528.8,13894,5.0,187151,206844,38287,9.6,104.2,8779,61.9,500.4,13146,1.6,183523,196198,38227,10.1,108.0,8366,62.3,524.2,13781,1.4,202107,205174,38158,10.3,109.0,7950,62.8,545.4,14348,3.3,216666,219877,38091,9.0,109.1,8558,66.6,477.6,12572,3.8,198232,194134,38034,7.5,108.1,9198,68.0,472.0,12432,3.1,203936,199623,37989,6.2,107.4,9001,73.3,526.4,13861,4.8,234253,233704,37953,4.9,109.6,10332,76.0,585.8,15424,5.1,260533,266427,37922,3.9,111.6,-,77.5,-,-,-,-,-,37888,-,-,-,-
"포르투갈",78.7,7885,4.0,16417,25263,9895,4.6,48.0,-,-,89.2,8960,4.4,16280,26113,9916,3.9,53.6,-,-,107.6,10812,1.1,18350,29581,9951,4.0,58.8,-,-,95.0,9536,-2.0,15429,24337,9997,5.3,62.8,-,-,99.7,9978,1.0,17899,26938,10045,6.7,66.2,-,-,118.1,11783,4.3,22621,32339,10091,7.1,69.0,-,-,122.6,12185,3.5,23824,34104,10134,7.3,71.1,-,-,117.0,11578,4.4,23399,33823,10175,6.6,72.7,-,-,124.0,12203,4.8,24220,37049,10214,4.7,74.6,936,-,127.5,12475,3.9,25257,42179,10254,4.6,76.4,1044,-,118.4,11502,3.8,25084,42120,10297,3.8,78.5,1088,16.4,121.5,11729,1.9,24925,41657,10341,3.8,82.0,728,18.1,134.2,12882,0.8,26870,42584,10386,4.5,84.9,920,19.4,165.0,15773,-0.9,33095,50316,10430,6.1,87.6,1000,29.7,189.2,18046,1.8,38439,61266,10471,6.3,89.7,1445,31.8,197.3,18785,0.8,38745,63918,10508,7.6,91.8,1408,35.0,208.6,19821,1.6,44780,70709,10543,7.7,94.6,1719,38.0,240.2,22780,2.5,52493,82280,10573,8.0,96.9,1853,42.1,262.0,24816,0.2,57406,94726,10595,7.6,99.4,2017,44.1,243.7,23064,-3.0,44250,71757,10604,9.4,98.6,1614,48.3,238.3,22539,1.9,49408,77688,10596,10.8,100.0,1543,53.3,244.9,23196,-1.8,59608,82930,10569,12.7,103.7,1942,55.2,216.4,20577,-4.0,58114,72486,10526,15.5,106.5,1960,60.3,226.1,21619,-1.1,62798,75728,10473,16.2,106.8,2050,62.1,229.6,22078,0.9,63833,78390,10418,13.9,106.5,2070,64.6,199.4,19253,1.8,55047,66914,10368,12.4,107.0,2030,68.6,206.3,19977,1.9,55354,67754,10326,11.1,107.7,2010,70.4,219.3,21291,2.8,62208,77927,10289,8.9,109.2,2076,73.8,238.0,23146,2.1,-,-,10256,7.0,110.3,-,74.7,-,-,-,-,-,10226,-,-,-,-
"슬로바키아",12.7,2396,-,-,-,5288,-,-,-,-,14.2,2680,-,-,-,5309,-,-,-,-,15.4,2909,-,-,-,5329,-,28.7,-,-,16.5,3089,1.9,5466,-,5347,-,35.4,-,-,20.1,3756,6.2,6709,-,5363,13.7,40.1,-,-,25.7,4799,5.8,8595,-,5375,13.1,44.1,3975,-,27.8,5178,6.8,8823,-,5385,11.3,46.6,3602,-,27.7,5138,6.1,8794,-,5391,11.9,49.5,3835,-,29.8,5534,4.0,10668,-,5395,12.2,52.8,3428,-,30.4,5637,-0.2,10220,-,5398,16.0,58.4,3569,-,29.1,5403,1.2,11889,-,5399,19.1,65.4,3733,9.4,30.7,5708,3.3,12641,-,5400,19.4,70.2,3989,12.5,35.1,6525,4.5,14478,-,5400,18.7,72.4,4275,40.1,46.7,8697,5.4,21966,-,5400,17.1,78.6,4588,43.0,57.2,10655,5.3,27645,-,5399,18.6,84.5,4454,52.9,62.7,11669,6.8,31852,-,5399,16.3,86.8,4485,55.2,70.6,13139,8.5,41711,-,5399,13.4,90.7,5093,56.1,86.3,16058,10.8,58050,-,5399,11.1,93.2,5089,61.8,100.3,18650,5.6,70255,-,5399,9.5,97.5,4489,66.1,88.9,16513,-5.4,55553,54807,5401,12.0,99.1,3747,70.0,89.5,16601,5.0,64682,65025,5404,14.4,100.0,4583,75.7,98.2,18187,2.8,79800,79838,5409,13.6,103.9,4236,74.4,93.4,17275,1.7,80649,77434,5415,14.0,107.7,4403,76.7,98.5,18192,1.5,85766,81779,5422,14.2,109.2,4511,77.9,100.9,18630,2.8,86454,81904,5429,13.2,109.1,4705,80.0,87.8,16182,4.2,75235,73360,5436,11.5,108.7,4562,77.6,89.8,16544,3.1,77567,75488,5442,9.7,108.2,4808,80.5,95.6,17579,3.2,84482,83307,5448,8.1,109.6,4974,81.6,106.5,19547,4.1,-,-,5453,6.5,112.3,-,80.7,-,-,-,-,-,5457,-,-,-,-
"슬로베니아",18.1,9074,-,-,-,2006,-,3.7,-,-,13.2,6609,-8.9,-,-,2008,7.1,8.0,-,-,13.1,6538,-5.5,6681,6142,2005,-,24.8,-,-,13.2,6632,2.8,6083,6499,2001,8.5,32.6,-,-,15.0,7537,5.3,6828,7304,1995,8.2,39.5,-,-,21.3,10691,4.1,8316,9492,1991,7.2,44.8,394,-,21.5,10801,3.5,8312,9423,1989,6.9,49.2,314,-,20.7,10448,5.1,8372,9357,1987,6.7,53.3,373,-,22.1,11165,3.3,11642,13006,1987,7.4,57.5,405,-,22.7,11442,5.3,10585,12485,1988,7.3,61.1,405,-,20.3,10228,4.2,10220,11836,1988,6.9,66.5,519,15.1,20.9,10479,2.9,10220,11203,1987,5.7,72.1,462,30.2,23.6,11814,3.8,10958,11570,1987,5.9,77.5,481,27.8,29.7,14880,2.8,13079,14194,1988,6.5,81.8,541,31.9,34.5,17261,4.4,15933,17630,1990,6.0,84.7,566,40.8,36.3,18169,4.0,17901,19630,1995,6.5,86.8,583,46.8,39.6,19726,5.7,21366,23082,2002,6.0,89.0,628,54.0,48.1,23841,6.9,26922,29550,2012,4.8,92.2,638,56.7,55.6,27502,3.3,29589,33997,2023,4.4,97.4,642,58.0,50.2,24634,-7.8,22696,24114,2034,5.9,98.2,430,64.0,48.0,23437,1.2,24697,26641,2043,7.2,100.0,606,70.0,51.3,24985,0.6,29234,31392,2051,8.2,101.8,648,67.3,46.4,22532,-2.7,27077,28390,2058,8.8,104.4,632,68.3,48.1,23358,-1.1,28611,29368,2063,10.1,106.3,618,72.7,49.9,24195,3.0,30452,29985,2067,9.7,106.5,615,71.6,43.1,20888,2.3,26550,25843,2071,9.0,105.9,604,73.1,44.6,21618,3.1,27639,26682,2074,8.0,105.9,613,75.5,48.5,23450,4.9,31951,31205,2076,6.6,107.4,648,78.9,54.2,26234,4.5,36459,36247,2078,5.1,109.3,-,79.7,-,-,-,-,-,2079,-,-,-,-
"스페인",535.1,13767,3.8,55642,87715,39203,16.3,51.9,-,-,575.6,14772,2.5,60177,93306,39299,15.9,55.0,-,-,629.2,16068,0.9,64334,99758,39411,17.7,58.2,-,-,523.6,13304,-1.0,59555,78626,39534,22.2,60.9,-,-,529.1,13379,2.4,73299,92509,39660,24.2,63.7,-,-,612.9,15430,2.8,91716,115019,39787,22.7,66.7,13802,-,641.0,16069,2.7,101994,121782,39909,22.1,69.1,12154,-,588.7,14696,3.7,104363,122717,40035,20.7,70.5,13683,-,617.0,15340,4.3,109228,133149,40202,18.7,71.7,14827,-,633.2,15678,4.5,109968,144441,40454,15.5,73.4,14882,-,595.4,14677,5.3,113348,152901,40825,13.8,75.9,15874,13.6,626.0,15324,4.0,115177,153636,41319,10.4,78.7,16504,18.1,705.1,17020,2.9,123635,163672,41920,11.2,81.1,16408,20.4,906.9,21496,3.2,156032,208562,42596,11.3,83.5,16286,39.9,1069.6,24919,3.2,182161,257678,43308,11.1,86.1,17621,44.0,1157.3,26511,3.7,190843,287436,44019,9.2,89.0,17826,47.9,1264.6,28483,4.2,213353,326051,44729,8.5,92.1,18391,50.4,1479.3,32709,3.8,248918,385356,45429,8.2,94.7,18999,55.1,1635.0,35579,1.1,276962,416373,46069,11.3,98.5,18640,59.6,1499.1,32334,-3.6,220452,290327,46584,17.9,98.2,14358,62.4,1431.6,30737,0.0,246253,315522,46931,19.9,100.0,16343,65.8,1488.1,31835,-1.0,298523,362914,47084,21.4,103.2,15504,67.1,1336.0,28564,-2.9,286225,325844,47063,24.8,105.7,13639,69.8,1361.9,29212,-1.7,311633,333928,46931,26.1,107.2,14252,71.6,1376.9,29623,1.4,323850,359132,46778,24.4,107.0,14249,76.2,1199.1,25817,3.6,282330,312583,46672,22.1,106.5,14845,78.7,1237.5,26622,3.2,287213,310615,46634,19.6,106.3,13616,80.6,1314.3,28208,3.0,319442,351023,46647,17.2,108.4,14461,84.6,1426.2,30524,2.6,343836,386073,46693,15.3,110.2,-,86.1,-,-,-,-,-,46737,-,-,-,-
"스웨덴",258.4,30196,0.8,57507,54835,8567,1.8,68.6,-,-,270.7,31409,-1.1,55217,49990,8625,3.2,75.1,-,-,280.6,32375,-1.2,56120,50091,8687,5.7,76.9,-,-,210.2,24108,-2.1,49857,42912,8747,9.3,80.5,-,-,226.3,25776,4.1,61344,51951,8798,9.6,82.3,-,-,264.3,29947,4.0,79801,64741,8836,8.9,84.3,4953,-,288.5,32627,1.5,84896,66925,8859,9.6,84.7,4910,-,264.8,29938,2.9,82946,65676,8869,10.4,85.3,5148,-,267.2,30192,4.2,84969,68590,8871,8.9,85.1,5153,-,271.2,30614,4.5,85054,68949,8873,7.6,85.5,5066,-,260.2,29323,4.7,87724,73317,8882,5.5,86.2,5227,45.7,240.3,27010,1.6,78208,64326,8898,4.7,88.3,5518,51.8,264.3,29619,2.1,82919,67644,8921,5.0,90.2,5754,70.6,331.5,37009,2.4,102420,84199,8951,5.6,91.9,5707,79.1,382.2,42492,4.3,123312,100864,8991,6.7,92.3,5978,83.9,389.5,43135,2.8,130898,111566,9039,7.5,92.7,5723,84.8,420.5,46312,4.7,147904,127666,9096,7.1,94.0,5466,87.8,488.4,53388,3.4,168979,153463,9163,6.2,96.0,5673,82.0,514.6,55814,-0.6,183907,168993,9236,6.2,99.3,5198,90.0,430.1,46256,-5.2,130845,120052,9313,8.4,98.9,2804,91.0,488.9,52133,6.0,158396,148766,9390,8.6,100.0,4846,90.0,563.8,59666,2.7,186904,176950,9467,7.8,103.0,4867,92.8,544.5,57197,-0.3,172445,164557,9543,8.0,103.9,4326,93.2,579.4,60348,1.2,167497,160586,9618,8.1,103.8,4404,94.8,574.4,59242,2.6,164648,162214,9692,8.0,103.6,4539,92.5,498.1,50833,4.5,140016,138349,9765,7.4,103.6,4374,90.6,512.2,51618,2.7,139291,140985,9836,7.0,104.6,4617,89.7,535.6,53253,2.1,152905,154196,9905,6.7,106.5,4713,95.5,551.0,54112,2.4,165936,170164,9972,6.4,108.6,-,92.1,-,-,-,-,-,10036,-,-,-,-
"스위스",258.1,38428,3.7,63784,69681,6653,2.1,75.7,-,-,261.1,38399,-0.9,61517,66485,6719,1.8,80.1,-,-,271.8,39535,-0.0,61377,61737,6793,2.8,83.4,-,-,264.4,38101,-0.1,58687,56716,6869,3.7,86.1,-,-,292.6,41844,1.3,66227,64074,6938,3.9,86.9,-,-,342.6,48662,0.5,78040,76985,6996,3.3,88.4,739,-,330.1,46677,0.5,76196,74462,7038,3.7,89.1,700,-,286.5,40418,2.3,72493,71064,7069,4.2,89.6,789,-,295.0,41497,3.0,75431,73877,7092,3.6,89.6,800,-,289.9,40581,1.7,76122,75438,7115,3.2,90.3,800,-,272.1,37868,3.9,74856,76093,7144,2.7,91.7,1000,47.1,278.6,38539,1.3,78066,77070,7179,2.5,92.7,1000,55.1,301.4,41376,0.2,87359,82377,7220,2.9,93.3,1000,61.4,352.9,48088,0.0,100723,95581,7268,4.1,93.8,1000,65.1,394.2,53340,2.8,117816,110322,7324,4.3,94.6,1000,67.8,408.7,54953,3.1,126084,119769,7387,4.4,95.7,1158,70.1,430.9,57580,4.0,141669,132021,7458,4.0,96.7,1252,75.7,479.9,63555,4.1,164797,153170,7537,3.7,97.4,1264,77.2,554.4,72488,2.2,191403,173312,7623,3.4,99.8,1312,79.2,541.5,69927,-2.2,166483,147581,7714,4.1,99.3,934,81.3,583.8,74606,3.0,186008,167218,7809,4.8,100.0,1320,83.9,699.6,88416,1.7,223225,196790,7907,4.4,100.2,1400,85.2,668.0,83538,1.0,213988,188620,8008,4.5,99.5,1450,85.2,688.5,85112,1.9,217128,191621,8109,4.8,99.3,1530,86.3,709.2,86606,2.4,227621,195138,8206,4.8,99.3,1475,87.4,679.8,82082,1.3,210883,172922,8297,4.8,98.2,1475,87.5,670.2,80038,1.6,213821,176220,8380,4.9,97.7,1500,89.1,679.0,80333,1.6,224079,188820,8456,4.8,98.3,1450,89.7,705.5,82839,2.5,238490,206456,8526,4.7,99.2,-,-,-,-,-,-,-,8591,-,-,-,-
"영국",1093.2,19095,0.7,182646,215400,57134,7.0,61.1,-,-,1142.8,19901,-1.1,183638,201857,57291,8.6,65.7,-,-,1179.7,20487,0.4,190007,212857,57446,9.8,68.7,-,-,1061.4,18389,2.5,183346,202948,57602,10.4,70.4,-,-,1140.5,19709,3.9,207174,224185,57763,9.7,72.0,-,-,1335.9,23025,2.5,242330,261302,57932,8.7,73.9,17604,-,1409.4,24230,2.5,261122,282525,58114,8.2,76.0,17992,-,1553.6,26641,4.3,281575,301787,58307,7.1,77.7,18501,-,1641.7,28069,3.3,270776,306838,58510,6.2,79.1,17315,-,1668.3,28429,3.2,267751,314861,58716,6.0,80.5,16298,-,1648.3,27988,3.5,283178,333546,58923,5.6,81.5,15155,26.8,1625.8,27500,2.8,271281,330658,59124,4.7,82.7,13543,33.5,1773.0,29864,2.5,278795,350419,59326,5.0,84.0,11667,56.5,2043.8,34265,3.3,306424,386014,59561,4.8,85.1,13268,64.8,2403.6,40068,2.3,348303,460115,59873,4.6,86.3,13766,65.6,2525.0,41804,3.1,382850,508595,60288,4.8,88.1,13239,70.0,2697.2,44327,2.5,446284,588082,60821,5.4,90.3,13871,68.8,3084.1,50293,2.5,440531,621834,61455,5.3,92.4,14317,75.1,2904.0,46986,-0.3,468299,644105,62145,5.6,95.7,13521,78.4,2394.8,38454,-4.2,356529,485963,62829,7.5,97.6,10079,83.6,2452.9,39080,1.7,410137,562697,63460,7.8,100.0,9709,85.0,2634.9,41653,1.6,478206,638615,64022,8.0,103.9,9478,85.4,2676.6,42019,1.4,474641,646454,64525,7.9,106.5,9579,87.5,2753.6,42938,2.0,476591,645284,64984,7.5,109.0,11858,89.8,3034.7,46968,2.9,476782,663345,65423,6.1,110.6,12120,91.6,2896.4,44472,2.3,438185,618168,65860,5.3,111.0,10907,92.0,2659.2,40540,1.8,404262,583463,66298,4.8,112.1,7635,94.8,2637.9,39932,1.8,436465,612971,66727,4.3,114.9,7491,94.6,2825.2,42491,1.4,468053,652252,67142,4.0,117.6,-,94.9,-,-,-,-,-,67530,-,-,-,-
"오세아니아",,,,,,,,,,,,,,,,,,,,,,,,,,,,,,,,,,,,,,,,,,,,,,,,,,,,,,,,,,,,,,,,,,,,,,,,,,,,,,,,,,,,,,,,,,,,,,,,,,,,,,,,,,,,,,,,,,,,,,,,,,,,,,,,,,,,,,,,,,,,,,,,,,,,,,,,,,,,,,,,,,,,,,,,,,,,,,,,,,,,,,,,,,,,,,,,,,,,,,,,,,,,,,,,,,,,,,,,,,,,,,,,,,,,,,,,,,,,,,,,,,,,,,,,,,,,,,,,,,,,,,,,,,,,,,,,,,,,,,,,,,,,,,,,,,,,,,,,,,,,
"오스트레일리아",310.8,18211,3.6,39752,41985,16961,6.9,59.8,-,-,325.3,18821,-0.4,41854,41618,17189,9.6,61.7,-,-,324.9,18570,0.4,42824,43807,17402,10.7,62.3,-,-,311.5,17634,4.0,42723,45577,17603,10.9,63.4,-,-,322.2,18046,4.0,47538,53425,17799,9.7,64.6,-,-,367.2,20320,3.8,52692,61283,17993,8.5,67.6,8460,-,400.3,21861,3.9,60479,65427,18189,8.5,69.4,8415,-,434.6,23469,4.0,62902,65892,18387,8.4,69.6,8831,-,398.9,21319,4.6,55900,64630,18587,7.7,70.2,8941,-,388.6,20533,5.1,56078,65520,18788,6.9,71.2,8172,-,415.2,21679,3.9,63838,71590,18991,6.3,74.4,7129,46.8,378.4,19491,1.9,63344,64310,19195,6.7,77.7,7033,52.7,394.6,20082,4.0,64999,73017,19401,6.4,80.0,7527,-,466.5,23447,3.0,70285,89049,19624,5.9,82.2,7544,-,612.5,30431,4.1,86585,109510,19880,5.4,84.1,7414,-,693.4,33999,3.2,106099,125107,20179,5.0,86.3,7757,63.0,746.1,36045,2.8,123446,139299,20526,4.8,89.4,7881,66.0,853.1,40960,3.8,141366,165366,20916,4.4,91.5,7939,69.5,1054.0,49602,3.7,185871,200332,21332,4.2,95.5,7625,71.7,927.8,42772,1.9,154250,165433,21751,5.6,97.2,5249,74.3,1146.1,52022,2.1,212657,201971,22155,5.2,100.0,7296,76.0,1396.6,62518,2.5,270351,243380,22538,5.1,103.3,6404,79.5,1546.2,68012,3.9,256410,260603,22904,5.2,105.1,4893,79.0,1576.2,68150,2.6,252709,242052,23255,5.7,107.7,4688,83.5,1467.5,62511,2.6,239937,237352,23596,6.1,110.4,4607,84.0,1351.5,56748,2.3,187732,208791,23933,6.1,112.0,4925,84.6,1210.0,50020,2.8,192466,196192,24263,5.7,113.5,5259,86.5,1330.8,54094,2.3,231055,228772,24585,5.6,115.7,5328,86.5,1432.2,57305,2.8,257183,235374,24898,5.3,117.9,-,-,-,-,-,-,-,25203,-,-,-,-
"뉴질랜드",45.5,13663,0.2,9496,9483,3398,8.0,64.7,-,-,42.7,12230,-1.1,9587,8380,3446,10.6,66.4,-,-,41.6,11793,1.1,9820,9202,3503,10.7,67.0,-,-,46.8,13094,6.4,10528,9609,3564,9.8,67.9,-,-,55.3,15280,5.1,12162,11847,3623,8.4,69.1,-,-,63.9,17400,4.7,13734,13946,3675,6.5,71.7,842,-,70.1,18794,3.6,14349,14707,3717,6.3,73.3,808,-,66.1,17474,2.0,14187,14522,3752,6.9,74.2,758,-,56.2,14738,0.8,11998,12498,3784,7.7,75.1,756,-,58.8,15322,5.5,12481,14349,3818,7.0,75.0,775,-,52.6,13641,2.9,13292,13964,3859,6.1,77.0,702,47.4,53.9,13883,3.5,13733,13318,3908,5.4,79.0,826,53.2,66.6,16874,4.7,14353,14957,3963,5.3,81.1,765,59.1,88.3,21914,4.6,16489,18455,4022,4.8,82.6,853,61.0,103.9,25420,4.0,20357,23142,4080,4.0,84.4,885,61.8,114.7,27751,3.3,21698,26247,4135,3.8,87.0,889,62.7,111.6,26671,2.8,22459,26404,4186,3.9,89.9,810,69.0,137.3,32510,3.0,26525,30563,4233,3.7,92.1,845,69.8,133.3,31288,-1.0,30154,34099,4278,4.2,95.7,799,72.0,121.3,28201,-0.2,24782,25124,4323,6.1,97.7,765,79.7,146.6,33692,1.5,31280,30552,4370,6.6,100.0,853,80.5,168.5,38427,2.3,37685,37048,4419,6.5,104.0,844,81.2,176.2,39970,2.2,37317,38256,4468,6.9,105.1,912,81.6,190.8,42949,2.6,39399,39659,4519,6.3,106.3,900,82.8,200.8,44534,3.7,41541,42523,4568,5.8,107.6,859,85.5,177.2,38560,3.6,34152,36619,4615,5.4,107.9,793,88.2,187.9,40027,3.6,33753,35935,4659,5.1,108.6,577,88.5,202.6,42260,3.1,38102,40128,4702,4.7,110.7,657,90.8,205.0,41966,2.8,39613,43876,4743,4.3,112.4,-,-,-,-,-,-,-,4783,-,-,-,-
"OECD",-,-,-,-,-,1072554,-,-,-,-,-,-,-,-,-,1080870,-,-,-,-,-,-,-,-,-,1089298,-,-,-,-,-,-,-,-,-,1097757,-,-,-,-,-,-,-,-,-,1106167,-,-,-,-,-,-,-,-,-,1114489,-,-,464869,-,-,-,-,-,-,1122681,-,-,454550,-,-,-,-,-,-,1130782,-,-,485116,-,-,-,-,-,-,1138749,-,-,471402,-,-,-,-,-,-,1146754,-,-,466354,-,-,-,-,-,-,1154913,-,-,495740,-,-,-,-,-,-,1163137,-,-,471950,-,-,-,-,-,-,1171352,-,-,483646,-,-,-,-,-,-,1179652,-,-,496143,-,-,-,-,-,-,1188043,-,-,519700,-,-,-,-,-,-,1196507,-,-,507384,-,-,-,-,-,-,1205300,-,-,529574,-,-,-,-,-,-,1214226,-,-,543471,-,-,-,-,-,-,1223305,-,-,527616,-,-,-,-,-,-,1232148,-,-,389274,-,-,-,-,-,-,1240752,-,-,487698,-,-,-,-,-,-,1249195,-,-,511830,-,-,-,-,-,-,1257231,-,-,507052,-,-,-,-,-,-,1264997,-,-,500907,-,-,-,-,-,-,1272684,-,-,510359,-,-,-,-,-,-,1280216,-,-,487151,-,-,-,-,-,-,1287602,-,-,484089,-,-,-,-,-,-,1294786,-,-,502272,-,-,-,-,-,-,1301800,-,-,-,-,-,-,-,-,-,1308200,-,-,-,-
